2026-09-15 20:01:03,195 | INFO     | phoenix_rag.cli | Starting Phoenix RAG optimization run
2026-09-15 20:01:03,196 | INFO     | phoenix_rag.cli | Workspace: /home/yared/workspace/phoenix-rag-experiments
2026-09-15 20:01:03,197 | INFO     | phoenix_rag.cli | Corpus: /home/yared/workspace/phoenix-rag-experiments/data/corpus
2026-09-15 20:01:30,953 | INFO     | sentence_transformers.base.model | No device provided, using cpu
2026-09-15 20:01:32,309 | INFO     | httpx | HTTP Request: HEAD https://huggingface.co/sentence-transformers/all-MiniLM-L6-v2/resolve/main/modules.json "HTTP/1.1 307 Temporary Redirect"
2026-09-15 20:01:32,311 | WARNING  | huggingface_hub.utils._http | Warning: You are sending unauthenticated requests to the HF Hub. Please set a HF_TOKEN to enable higher rate limits and faster downloads.
2026-09-15 20:01:32,587 | INFO     | httpx | HTTP Request: HEAD https://huggingface.co/api/resolve-cache/models/sentence-transformers/all-MiniLM-L6-v2/1110a243fdf4706b3f48f1d95db1a4f5529b4d41/modules.json "HTTP/1.1 200 OK"
2026-09-15 20:01:32,844 | INFO     | httpx | HTTP Request: HEAD https://huggingface.co/sentence-transformers/all-MiniLM-L6-v2/resolve/main/config_sentence_transformers.json "HTTP/1.1 307 Temporary Redirect"
2026-09-15 20:01:33,012 | INFO     | httpx | HTTP Request: HEAD https://huggingface.co/api/resolve-cache/models/sentence-transformers/all-MiniLM-L6-v2/1110a243fdf4706b3f48f1d95db1a4f5529b4d41/config_sentence_transformers.json "HTTP/1.1 200 OK"
2026-09-15 20:01:33,014 | INFO     | sentence_transformers.base.model | Loading SentenceTransformer model from sentence-transformers/all-MiniLM-L6-v2.
2026-09-15 20:01:33,306 | INFO     | httpx | HTTP Request: HEAD https://huggingface.co/sentence-transformers/all-MiniLM-L6-v2/resolve/main/config_sentence_transformers.json "HTTP/1.1 307 Temporary Redirect"
2026-09-15 20:01:33,620 | INFO     | httpx | HTTP Request: HEAD https://huggingface.co/api/resolve-cache/models/sentence-transformers/all-MiniLM-L6-v2/1110a243fdf4706b3f48f1d95db1a4f5529b4d41/config_sentence_transformers.json "HTTP/1.1 200 OK"
2026-09-15 20:01:33,939 | INFO     | httpx | HTTP Request: HEAD https://huggingface.co/sentence-transformers/all-MiniLM-L6-v2/resolve/main/README.md "HTTP/1.1 307 Temporary Redirect"
2026-09-15 20:01:34,131 | INFO     | httpx | HTTP Request: HEAD https://huggingface.co/api/resolve-cache/models/sentence-transformers/all-MiniLM-L6-v2/1110a243fdf4706b3f48f1d95db1a4f5529b4d41/README.md "HTTP/1.1 200 OK"
2026-09-15 20:01:34,381 | INFO     | httpx | HTTP Request: HEAD https://huggingface.co/sentence-transformers/all-MiniLM-L6-v2/resolve/main/modules.json "HTTP/1.1 307 Temporary Redirect"
2026-09-15 20:01:34,636 | INFO     | httpx | HTTP Request: HEAD https://huggingface.co/api/resolve-cache/models/sentence-transformers/all-MiniLM-L6-v2/1110a243fdf4706b3f48f1d95db1a4f5529b4d41/modules.json "HTTP/1.1 200 OK"
2026-09-15 20:01:34,903 | INFO     | httpx | HTTP Request: HEAD https://huggingface.co/sentence-transformers/all-MiniLM-L6-v2/resolve/main/sentence_bert_config.json "HTTP/1.1 307 Temporary Redirect"
2026-09-15 20:01:35,167 | INFO     | httpx | HTTP Request: HEAD https://huggingface.co/api/resolve-cache/models/sentence-transformers/all-MiniLM-L6-v2/1110a243fdf4706b3f48f1d95db1a4f5529b4d41/sentence_bert_config.json "HTTP/1.1 200 OK"
2026-09-15 20:01:35,475 | INFO     | httpx | HTTP Request: HEAD https://huggingface.co/sentence-transformers/all-MiniLM-L6-v2/resolve/main/adapter_config.json "HTTP/1.1 404 Not Found"
2026-09-15 20:01:35,788 | INFO     | httpx | HTTP Request: HEAD https://huggingface.co/sentence-transformers/all-MiniLM-L6-v2/resolve/main/config.json "HTTP/1.1 307 Temporary Redirect"
2026-09-15 20:01:36,069 | INFO     | httpx | HTTP Request: HEAD https://huggingface.co/api/resolve-cache/models/sentence-transformers/all-MiniLM-L6-v2/1110a243fdf4706b3f48f1d95db1a4f5529b4d41/config.json "HTTP/1.1 200 OK"
2026-09-15 20:01:36,900 | INFO     | httpx | HTTP Request: HEAD https://huggingface.co/sentence-transformers/all-MiniLM-L6-v2/resolve/main/processor_config.json "HTTP/1.1 404 Not Found"
2026-09-15 20:01:37,231 | INFO     | httpx | HTTP Request: HEAD https://huggingface.co/sentence-transformers/all-MiniLM-L6-v2/resolve/main/preprocessor_config.json "HTTP/1.1 404 Not Found"
2026-09-15 20:01:37,814 | INFO     | httpx | HTTP Request: HEAD https://huggingface.co/sentence-transformers/all-MiniLM-L6-v2/resolve/main/video_preprocessor_config.json "HTTP/1.1 404 Not Found"
2026-09-15 20:01:38,854 | INFO     | httpx | HTTP Request: HEAD https://huggingface.co/sentence-transformers/all-MiniLM-L6-v2/resolve/main/preprocessor_config.json "HTTP/1.1 404 Not Found"
2026-09-15 20:01:39,317 | INFO     | httpx | HTTP Request: HEAD https://huggingface.co/sentence-transformers/all-MiniLM-L6-v2/resolve/main/tokenizer_config.json "HTTP/1.1 307 Temporary Redirect"
2026-09-15 20:01:39,613 | INFO     | httpx | HTTP Request: HEAD https://huggingface.co/api/resolve-cache/models/sentence-transformers/all-MiniLM-L6-v2/1110a243fdf4706b3f48f1d95db1a4f5529b4d41/tokenizer_config.json "HTTP/1.1 200 OK"
2026-09-15 20:01:40,084 | INFO     | httpx | HTTP Request: HEAD https://huggingface.co/sentence-transformers/all-MiniLM-L6-v2/resolve/main/config.json "HTTP/1.1 307 Temporary Redirect"
2026-09-15 20:01:40,241 | INFO     | httpx | HTTP Request: HEAD https://huggingface.co/api/resolve-cache/models/sentence-transformers/all-MiniLM-L6-v2/1110a243fdf4706b3f48f1d95db1a4f5529b4d41/config.json "HTTP/1.1 200 OK"
2026-09-15 20:01:40,595 | INFO     | httpx | HTTP Request: HEAD https://huggingface.co/sentence-transformers/all-MiniLM-L6-v2/resolve/main/config.json "HTTP/1.1 307 Temporary Redirect"
2026-09-15 20:01:40,827 | INFO     | httpx | HTTP Request: HEAD https://huggingface.co/api/resolve-cache/models/sentence-transformers/all-MiniLM-L6-v2/1110a243fdf4706b3f48f1d95db1a4f5529b4d41/config.json "HTTP/1.1 200 OK"
2026-09-15 20:01:41,252 | INFO     | httpx | HTTP Request: HEAD https://huggingface.co/sentence-transformers/all-MiniLM-L6-v2/resolve/main/tokenizer_config.json "HTTP/1.1 307 Temporary Redirect"
2026-09-15 20:01:41,623 | INFO     | httpx | HTTP Request: HEAD https://huggingface.co/api/resolve-cache/models/sentence-transformers/all-MiniLM-L6-v2/1110a243fdf4706b3f48f1d95db1a4f5529b4d41/tokenizer_config.json "HTTP/1.1 200 OK"
2026-09-15 20:01:41,906 | INFO     | httpx | HTTP Request: GET https://huggingface.co/api/models/sentence-transformers/all-MiniLM-L6-v2/tree/main/additional_chat_templates?recursive=false&expand=false "HTTP/1.1 404 Not Found"
2026-09-15 20:01:42,521 | INFO     | httpx | HTTP Request: GET https://huggingface.co/api/models/sentence-transformers/all-MiniLM-L6-v2/tree/main?recursive=true&expand=false "HTTP/1.1 200 OK"
2026-09-15 20:01:43,396 | INFO     | httpx | HTTP Request: HEAD https://huggingface.co/sentence-transformers/all-MiniLM-L6-v2/resolve/main/1_Pooling/config.json "HTTP/1.1 307 Temporary Redirect"
2026-09-15 20:01:43,532 | INFO     | httpx | HTTP Request: HEAD https://huggingface.co/api/resolve-cache/models/sentence-transformers/all-MiniLM-L6-v2/1110a243fdf4706b3f48f1d95db1a4f5529b4d41/1_Pooling%2Fconfig.json "HTTP/1.1 200 OK"
2026-09-15 20:01:43,870 | INFO     | httpx | HTTP Request: HEAD https://huggingface.co/sentence-transformers/all-MiniLM-L6-v2/resolve/main/2_Normalize/config.json "HTTP/1.1 404 Not Found"
2026-09-15 20:01:44,127 | INFO     | httpx | HTTP Request: GET https://huggingface.co/api/models/sentence-transformers/all-MiniLM-L6-v2 "HTTP/1.1 200 OK"
2026-09-15 20:01:44,262 | INFO     | phoenix_rag.corpus | No corpus manifest at /home/yared/workspace/phoenix-rag-experiments/data/corpus/manifest.json; starting an empty corpus
2026-09-15 20:01:44,264 | INFO     | phoenix_rag.corpus | Bootstrapping corpus from the configured source document source.pdf
2026-09-15 20:01:44,265 | INFO     | phoenix_rag.document_loader | Loading document source.pdf (.pdf)
2026-09-15 20:01:44,851 | INFO     | phoenix_rag.document_loader | Loaded 4 page(s)/section(s) from source.pdf
2026-09-15 20:13:27,351 | INFO     | phoenix_rag.corpus | No corpus manifest at /home/yared/workspace/phoenix-rag-experiments/data/corpus/manifest.json; starting an empty corpus
2026-09-15 20:15:36,490 | INFO     | phoenix_rag.corpus | No corpus manifest at /home/yared/workspace/phoenix-rag-experiments/data/corpus/manifest.json; starting an empty corpus
2026-09-15 20:15:38,343 | INFO     | phoenix_rag.corpus | No corpus manifest at /home/yared/workspace/phoenix-rag-experiments/data/corpus/manifest.json; starting an empty corpus
2026-09-15 20:15:41,112 | INFO     | phoenix_rag.corpus | No corpus manifest at /home/yared/workspace/phoenix-rag-experiments/data/corpus/manifest.json; starting an empty corpus
2026-09-15 20:15:42,717 | INFO     | phoenix_rag.corpus | No corpus manifest at /home/yared/workspace/phoenix-rag-experiments/data/corpus/manifest.json; starting an empty corpus
2026-09-15 20:15:46,954 | INFO     | sentence_transformers.base.model | No device provided, using cpu
2026-09-15 20:15:48,043 | INFO     | httpx | HTTP Request: HEAD https://huggingface.co/sentence-transformers/all-MiniLM-L6-v2/resolve/main/modules.json "HTTP/1.1 307 Temporary Redirect"
2026-09-15 20:15:48,045 | WARNING  | huggingface_hub.utils._http | Warning: You are sending unauthenticated requests to the HF Hub. Please set a HF_TOKEN to enable higher rate limits and faster downloads.
2026-09-15 20:15:48,248 | INFO     | httpx | HTTP Request: HEAD https://huggingface.co/api/resolve-cache/models/sentence-transformers/all-MiniLM-L6-v2/1110a243fdf4706b3f48f1d95db1a4f5529b4d41/modules.json "HTTP/1.1 200 OK"
2026-09-15 20:15:48,758 | INFO     | httpx | HTTP Request: HEAD https://huggingface.co/sentence-transformers/all-MiniLM-L6-v2/resolve/main/config_sentence_transformers.json "HTTP/1.1 307 Temporary Redirect"
2026-09-15 20:15:48,971 | INFO     | httpx | HTTP Request: HEAD https://huggingface.co/api/resolve-cache/models/sentence-transformers/all-MiniLM-L6-v2/1110a243fdf4706b3f48f1d95db1a4f5529b4d41/config_sentence_transformers.json "HTTP/1.1 200 OK"
2026-09-15 20:15:48,972 | INFO     | sentence_transformers.base.model | Loading SentenceTransformer model from sentence-transformers/all-MiniLM-L6-v2.
2026-09-15 20:15:49,374 | INFO     | httpx | HTTP Request: HEAD https://huggingface.co/sentence-transformers/all-MiniLM-L6-v2/resolve/main/config_sentence_transformers.json "HTTP/1.1 307 Temporary Redirect"
2026-09-15 20:15:49,578 | INFO     | httpx | HTTP Request: HEAD https://huggingface.co/api/resolve-cache/models/sentence-transformers/all-MiniLM-L6-v2/1110a243fdf4706b3f48f1d95db1a4f5529b4d41/config_sentence_transformers.json "HTTP/1.1 200 OK"
2026-09-15 20:15:49,970 | INFO     | httpx | HTTP Request: HEAD https://huggingface.co/sentence-transformers/all-MiniLM-L6-v2/resolve/main/README.md "HTTP/1.1 307 Temporary Redirect"
2026-09-15 20:15:50,192 | INFO     | httpx | HTTP Request: HEAD https://huggingface.co/api/resolve-cache/models/sentence-transformers/all-MiniLM-L6-v2/1110a243fdf4706b3f48f1d95db1a4f5529b4d41/README.md "HTTP/1.1 200 OK"
2026-09-15 20:15:50,560 | INFO     | httpx | HTTP Request: HEAD https://huggingface.co/sentence-transformers/all-MiniLM-L6-v2/resolve/main/modules.json "HTTP/1.1 307 Temporary Redirect"
2026-09-15 20:15:50,814 | INFO     | httpx | HTTP Request: HEAD https://huggingface.co/api/resolve-cache/models/sentence-transformers/all-MiniLM-L6-v2/1110a243fdf4706b3f48f1d95db1a4f5529b4d41/modules.json "HTTP/1.1 200 OK"
2026-09-15 20:15:51,198 | INFO     | httpx | HTTP Request: HEAD https://huggingface.co/sentence-transformers/all-MiniLM-L6-v2/resolve/main/sentence_bert_config.json "HTTP/1.1 307 Temporary Redirect"
2026-09-15 20:15:51,300 | INFO     | httpx | HTTP Request: HEAD https://huggingface.co/api/resolve-cache/models/sentence-transformers/all-MiniLM-L6-v2/1110a243fdf4706b3f48f1d95db1a4f5529b4d41/sentence_bert_config.json "HTTP/1.1 200 OK"
2026-09-15 20:15:51,729 | INFO     | httpx | HTTP Request: HEAD https://huggingface.co/sentence-transformers/all-MiniLM-L6-v2/resolve/main/adapter_config.json "HTTP/1.1 404 Not Found"
2026-09-15 20:15:52,137 | INFO     | httpx | HTTP Request: HEAD https://huggingface.co/sentence-transformers/all-MiniLM-L6-v2/resolve/main/config.json "HTTP/1.1 307 Temporary Redirect"
2026-09-15 20:15:52,343 | INFO     | httpx | HTTP Request: HEAD https://huggingface.co/api/resolve-cache/models/sentence-transformers/all-MiniLM-L6-v2/1110a243fdf4706b3f48f1d95db1a4f5529b4d41/config.json "HTTP/1.1 200 OK"
2026-09-15 20:15:53,544 | INFO     | httpx | HTTP Request: HEAD https://huggingface.co/sentence-transformers/all-MiniLM-L6-v2/resolve/main/processor_config.json "HTTP/1.1 404 Not Found"
2026-09-15 20:15:53,985 | INFO     | httpx | HTTP Request: HEAD https://huggingface.co/sentence-transformers/all-MiniLM-L6-v2/resolve/main/preprocessor_config.json "HTTP/1.1 404 Not Found"
2026-09-15 20:15:54,390 | INFO     | httpx | HTTP Request: HEAD https://huggingface.co/sentence-transformers/all-MiniLM-L6-v2/resolve/main/video_preprocessor_config.json "HTTP/1.1 404 Not Found"
2026-09-15 20:15:54,824 | INFO     | httpx | HTTP Request: HEAD https://huggingface.co/sentence-transformers/all-MiniLM-L6-v2/resolve/main/preprocessor_config.json "HTTP/1.1 404 Not Found"
2026-09-15 20:15:55,224 | INFO     | httpx | HTTP Request: HEAD https://huggingface.co/sentence-transformers/all-MiniLM-L6-v2/resolve/main/tokenizer_config.json "HTTP/1.1 307 Temporary Redirect"
2026-09-15 20:15:55,335 | INFO     | httpx | HTTP Request: HEAD https://huggingface.co/api/resolve-cache/models/sentence-transformers/all-MiniLM-L6-v2/1110a243fdf4706b3f48f1d95db1a4f5529b4d41/tokenizer_config.json "HTTP/1.1 200 OK"
2026-09-15 20:15:55,709 | INFO     | httpx | HTTP Request: HEAD https://huggingface.co/sentence-transformers/all-MiniLM-L6-v2/resolve/main/config.json "HTTP/1.1 307 Temporary Redirect"
2026-09-15 20:15:55,892 | INFO     | httpx | HTTP Request: HEAD https://huggingface.co/api/resolve-cache/models/sentence-transformers/all-MiniLM-L6-v2/1110a243fdf4706b3f48f1d95db1a4f5529b4d41/config.json "HTTP/1.1 200 OK"
2026-09-15 20:15:56,339 | INFO     | httpx | HTTP Request: HEAD https://huggingface.co/sentence-transformers/all-MiniLM-L6-v2/resolve/main/config.json "HTTP/1.1 307 Temporary Redirect"
2026-09-15 20:15:56,446 | INFO     | httpx | HTTP Request: HEAD https://huggingface.co/api/resolve-cache/models/sentence-transformers/all-MiniLM-L6-v2/1110a243fdf4706b3f48f1d95db1a4f5529b4d41/config.json "HTTP/1.1 200 OK"
2026-09-15 20:15:56,848 | INFO     | httpx | HTTP Request: HEAD https://huggingface.co/sentence-transformers/all-MiniLM-L6-v2/resolve/main/tokenizer_config.json "HTTP/1.1 307 Temporary Redirect"
2026-09-15 20:15:57,053 | INFO     | httpx | HTTP Request: HEAD https://huggingface.co/api/resolve-cache/models/sentence-transformers/all-MiniLM-L6-v2/1110a243fdf4706b3f48f1d95db1a4f5529b4d41/tokenizer_config.json "HTTP/1.1 200 OK"
2026-09-15 20:15:57,459 | INFO     | httpx | HTTP Request: GET https://huggingface.co/api/models/sentence-transformers/all-MiniLM-L6-v2/tree/main/additional_chat_templates?recursive=false&expand=false "HTTP/1.1 404 Not Found"
2026-09-15 20:15:57,873 | INFO     | httpx | HTTP Request: GET https://huggingface.co/api/models/sentence-transformers/all-MiniLM-L6-v2/tree/main?recursive=true&expand=false "HTTP/1.1 200 OK"
2026-09-15 20:15:58,699 | INFO     | httpx | HTTP Request: HEAD https://huggingface.co/sentence-transformers/all-MiniLM-L6-v2/resolve/main/1_Pooling/config.json "HTTP/1.1 307 Temporary Redirect"
2026-09-15 20:15:58,898 | INFO     | httpx | HTTP Request: HEAD https://huggingface.co/api/resolve-cache/models/sentence-transformers/all-MiniLM-L6-v2/1110a243fdf4706b3f48f1d95db1a4f5529b4d41/1_Pooling%2Fconfig.json "HTTP/1.1 200 OK"
2026-09-15 20:15:59,249 | INFO     | httpx | HTTP Request: HEAD https://huggingface.co/sentence-transformers/all-MiniLM-L6-v2/resolve/main/2_Normalize/config.json "HTTP/1.1 404 Not Found"
2026-09-15 20:15:59,605 | INFO     | httpx | HTTP Request: GET https://huggingface.co/api/models/sentence-transformers/all-MiniLM-L6-v2 "HTTP/1.1 200 OK"
2026-09-15 20:15:59,794 | INFO     | phoenix_rag.corpus | No corpus manifest at /home/yared/workspace/phoenix-rag-experiments/data/corpus/manifest.json; starting an empty corpus
2026-09-15 20:15:59,795 | INFO     | phoenix_rag.corpus | Bootstrapping corpus from the configured source document source.pdf
2026-09-15 20:15:59,795 | INFO     | phoenix_rag.document_loader | Loading document source.pdf (.pdf)
2026-09-15 20:16:00,901 | INFO     | phoenix_rag.document_loader | Loaded 4 page(s)/section(s) from source.pdf
2026-09-15 20:22:36,041 | INFO     | phoenix_rag.corpus | No corpus manifest at /home/yared/workspace/phoenix-rag-experiments/data/corpus/manifest.json; starting an empty corpus
2026-09-15 20:27:10,113 | INFO     | phoenix_rag.corpus | No corpus manifest at /home/yared/workspace/phoenix-rag-experiments/data/corpus/manifest.json; starting an empty corpus
2026-09-15 20:27:10,504 | INFO     | phoenix_rag.operations | Configuration field providers.embedding.backend set to 'mistral'
2026-09-15 20:27:10,505 | INFO     | phoenix_rag.operations | Configuration field providers.embedding.model set to 'mistral-embed'
2026-09-15 20:27:10,506 | INFO     | phoenix_rag.operations | Configuration field providers.embedding.api_key_env set to 'MISTRAL_API_KEY'
2026-09-15 20:27:10,506 | INFO     | phoenix_rag.operations | Configuration field providers.generation.backend set to 'mistral'
2026-09-15 20:27:10,507 | INFO     | phoenix_rag.operations | Configuration field providers.generation.model set to 'mistral-small-latest'
2026-09-15 20:27:10,507 | INFO     | phoenix_rag.operations | Configuration field providers.generation.api_key_env set to 'MISTRAL_API_KEY'
2026-09-15 20:27:10,507 | INFO     | phoenix_rag.operations | Configuration field providers.generation.base_url set to 'None'
2026-09-15 20:27:11,300 | INFO     | phoenix_rag.corpus | No corpus manifest at /home/yared/workspace/phoenix-rag-experiments/data/corpus/manifest.json; starting an empty corpus
2026-09-15 20:27:15,914 | INFO     | phoenix_rag.corpus | No corpus manifest at /home/yared/workspace/phoenix-rag-experiments/data/corpus/manifest.json; starting an empty corpus
2026-09-15 20:27:17,398 | INFO     | phoenix_rag.corpus | No corpus manifest at /home/yared/workspace/phoenix-rag-experiments/data/corpus/manifest.json; starting an empty corpus
2026-09-15 20:27:18,533 | INFO     | phoenix_rag.corpus | No corpus manifest at /home/yared/workspace/phoenix-rag-experiments/data/corpus/manifest.json; starting an empty corpus
2026-09-15 20:27:19,101 | INFO     | phoenix_rag.corpus | No corpus manifest at /home/yared/workspace/phoenix-rag-experiments/data/corpus/manifest.json; starting an empty corpus
2026-09-17 19:43:12,626 | INFO     | phoenix_rag.cli | Starting Phoenix RAG optimization run
2026-09-17 19:43:12,628 | INFO     | phoenix_rag.cli | Workspace: /home/yared/workspace/phoenix-rag-experiments
2026-09-17 19:43:12,629 | INFO     | phoenix_rag.cli | Source document: data/source.pdf
2026-09-17 19:44:43,683 | INFO     | sentence_transformers.base.model | No device provided, using cpu
2026-09-17 19:44:44,579 | INFO     | httpx | HTTP Request: GET https://huggingface.co/api/agent-harnesses "HTTP/1.1 200 OK"
2026-09-17 19:44:44,855 | INFO     | httpx | HTTP Request: HEAD https://huggingface.co/sentence-transformers/all-MiniLM-L6-v2/resolve/main/modules.json "HTTP/1.1 307 Temporary Redirect"
2026-09-17 19:44:45,057 | INFO     | httpx | HTTP Request: HEAD https://huggingface.co/api/resolve-cache/models/sentence-transformers/all-MiniLM-L6-v2/1110a243fdf4706b3f48f1d95db1a4f5529b4d41/modules.json "HTTP/1.1 200 OK"
2026-09-17 19:44:45,323 | INFO     | httpx | HTTP Request: HEAD https://huggingface.co/sentence-transformers/all-MiniLM-L6-v2/resolve/main/config_sentence_transformers.json "HTTP/1.1 307 Temporary Redirect"
2026-09-17 19:44:45,328 | WARNING  | huggingface_hub.utils._http | Warning: You are sending unauthenticated requests to the HF Hub. Please set a HF_TOKEN to enable higher rate limits and faster downloads.
2026-09-17 19:44:45,466 | INFO     | httpx | HTTP Request: HEAD https://huggingface.co/api/resolve-cache/models/sentence-transformers/all-MiniLM-L6-v2/1110a243fdf4706b3f48f1d95db1a4f5529b4d41/config_sentence_transformers.json "HTTP/1.1 200 OK"
2026-09-17 19:44:45,534 | INFO     | sentence_transformers.base.model | Loading SentenceTransformer model from sentence-transformers/all-MiniLM-L6-v2.
2026-09-17 19:44:45,894 | INFO     | httpx | HTTP Request: HEAD https://huggingface.co/sentence-transformers/all-MiniLM-L6-v2/resolve/main/config_sentence_transformers.json "HTTP/1.1 307 Temporary Redirect"
2026-09-17 19:44:46,084 | INFO     | httpx | HTTP Request: HEAD https://huggingface.co/api/resolve-cache/models/sentence-transformers/all-MiniLM-L6-v2/1110a243fdf4706b3f48f1d95db1a4f5529b4d41/config_sentence_transformers.json "HTTP/1.1 200 OK"
2026-09-17 19:44:46,345 | INFO     | httpx | HTTP Request: HEAD https://huggingface.co/sentence-transformers/all-MiniLM-L6-v2/resolve/main/README.md "HTTP/1.1 307 Temporary Redirect"
2026-09-17 19:44:46,599 | INFO     | httpx | HTTP Request: HEAD https://huggingface.co/api/resolve-cache/models/sentence-transformers/all-MiniLM-L6-v2/1110a243fdf4706b3f48f1d95db1a4f5529b4d41/README.md "HTTP/1.1 200 OK"
2026-09-17 19:44:46,948 | INFO     | httpx | HTTP Request: HEAD https://huggingface.co/sentence-transformers/all-MiniLM-L6-v2/resolve/main/modules.json "HTTP/1.1 307 Temporary Redirect"
2026-09-17 19:44:47,120 | INFO     | httpx | HTTP Request: HEAD https://huggingface.co/api/resolve-cache/models/sentence-transformers/all-MiniLM-L6-v2/1110a243fdf4706b3f48f1d95db1a4f5529b4d41/modules.json "HTTP/1.1 200 OK"
2026-09-17 19:44:47,526 | INFO     | httpx | HTTP Request: HEAD https://huggingface.co/sentence-transformers/all-MiniLM-L6-v2/resolve/main/sentence_bert_config.json "HTTP/1.1 307 Temporary Redirect"
2026-09-17 19:44:47,830 | INFO     | httpx | HTTP Request: HEAD https://huggingface.co/api/resolve-cache/models/sentence-transformers/all-MiniLM-L6-v2/1110a243fdf4706b3f48f1d95db1a4f5529b4d41/sentence_bert_config.json "HTTP/1.1 200 OK"
2026-09-17 19:44:48,258 | INFO     | httpx | HTTP Request: HEAD https://huggingface.co/sentence-transformers/all-MiniLM-L6-v2/resolve/main/adapter_config.json "HTTP/1.1 404 Not Found"
2026-09-17 19:44:48,513 | INFO     | httpx | HTTP Request: HEAD https://huggingface.co/sentence-transformers/all-MiniLM-L6-v2/resolve/main/config.json "HTTP/1.1 307 Temporary Redirect"
2026-09-17 19:44:48,758 | INFO     | httpx | HTTP Request: HEAD https://huggingface.co/api/resolve-cache/models/sentence-transformers/all-MiniLM-L6-v2/1110a243fdf4706b3f48f1d95db1a4f5529b4d41/config.json "HTTP/1.1 200 OK"
2026-09-17 19:44:50,732 | INFO     | httpx | HTTP Request: HEAD https://huggingface.co/sentence-transformers/all-MiniLM-L6-v2/resolve/main/processor_config.json "HTTP/1.1 404 Not Found"
2026-09-17 19:44:51,003 | INFO     | httpx | HTTP Request: HEAD https://huggingface.co/sentence-transformers/all-MiniLM-L6-v2/resolve/main/preprocessor_config.json "HTTP/1.1 404 Not Found"
2026-09-17 19:44:51,255 | INFO     | httpx | HTTP Request: HEAD https://huggingface.co/sentence-transformers/all-MiniLM-L6-v2/resolve/main/video_preprocessor_config.json "HTTP/1.1 404 Not Found"
2026-09-17 19:44:51,629 | INFO     | httpx | HTTP Request: HEAD https://huggingface.co/sentence-transformers/all-MiniLM-L6-v2/resolve/main/preprocessor_config.json "HTTP/1.1 404 Not Found"
2026-09-17 19:44:51,870 | INFO     | httpx | HTTP Request: HEAD https://huggingface.co/sentence-transformers/all-MiniLM-L6-v2/resolve/main/tokenizer_config.json "HTTP/1.1 307 Temporary Redirect"
2026-09-17 19:44:52,036 | INFO     | httpx | HTTP Request: HEAD https://huggingface.co/api/resolve-cache/models/sentence-transformers/all-MiniLM-L6-v2/1110a243fdf4706b3f48f1d95db1a4f5529b4d41/tokenizer_config.json "HTTP/1.1 200 OK"
2026-09-17 19:44:52,328 | INFO     | httpx | HTTP Request: HEAD https://huggingface.co/sentence-transformers/all-MiniLM-L6-v2/resolve/main/config.json "HTTP/1.1 307 Temporary Redirect"
2026-09-17 19:44:52,456 | INFO     | httpx | HTTP Request: HEAD https://huggingface.co/api/resolve-cache/models/sentence-transformers/all-MiniLM-L6-v2/1110a243fdf4706b3f48f1d95db1a4f5529b4d41/config.json "HTTP/1.1 200 OK"
2026-09-17 19:44:52,738 | INFO     | httpx | HTTP Request: HEAD https://huggingface.co/sentence-transformers/all-MiniLM-L6-v2/resolve/main/config.json "HTTP/1.1 307 Temporary Redirect"
2026-09-17 19:44:52,946 | INFO     | httpx | HTTP Request: HEAD https://huggingface.co/api/resolve-cache/models/sentence-transformers/all-MiniLM-L6-v2/1110a243fdf4706b3f48f1d95db1a4f5529b4d41/config.json "HTTP/1.1 200 OK"
2026-09-17 19:44:53,280 | INFO     | httpx | HTTP Request: HEAD https://huggingface.co/sentence-transformers/all-MiniLM-L6-v2/resolve/main/tokenizer_config.json "HTTP/1.1 307 Temporary Redirect"
2026-09-17 19:44:53,413 | INFO     | httpx | HTTP Request: HEAD https://huggingface.co/api/resolve-cache/models/sentence-transformers/all-MiniLM-L6-v2/1110a243fdf4706b3f48f1d95db1a4f5529b4d41/tokenizer_config.json "HTTP/1.1 200 OK"
2026-09-17 19:44:53,763 | INFO     | httpx | HTTP Request: GET https://huggingface.co/api/models/sentence-transformers/all-MiniLM-L6-v2/tree/main/additional_chat_templates?recursive=false&expand=false "HTTP/1.1 404 Not Found"
2026-09-17 19:44:54,036 | INFO     | httpx | HTTP Request: GET https://huggingface.co/api/models/sentence-transformers/all-MiniLM-L6-v2/tree/main?recursive=true&expand=false "HTTP/1.1 200 OK"
2026-09-17 19:44:54,941 | INFO     | httpx | HTTP Request: HEAD https://huggingface.co/sentence-transformers/all-MiniLM-L6-v2/resolve/main/1_Pooling/config.json "HTTP/1.1 307 Temporary Redirect"
2026-09-17 19:44:55,097 | INFO     | httpx | HTTP Request: HEAD https://huggingface.co/api/resolve-cache/models/sentence-transformers/all-MiniLM-L6-v2/1110a243fdf4706b3f48f1d95db1a4f5529b4d41/1_Pooling%2Fconfig.json "HTTP/1.1 200 OK"
2026-09-17 19:44:55,353 | INFO     | httpx | HTTP Request: HEAD https://huggingface.co/sentence-transformers/all-MiniLM-L6-v2/resolve/main/2_Normalize/config.json "HTTP/1.1 404 Not Found"
2026-09-17 19:44:55,711 | INFO     | httpx | HTTP Request: GET https://huggingface.co/api/models/sentence-transformers/all-MiniLM-L6-v2 "HTTP/1.1 200 OK"
2026-09-17 19:44:55,737 | INFO     | phoenix_rag.document_loader | Loading document source.pdf (.pdf)
2026-09-17 19:44:57,794 | INFO     | phoenix_rag.document_loader | Loaded 4 page(s)/section(s) from source.pdf
2026-09-17 19:44:57,795 | INFO     | phoenix_rag.question_generator | Generating questions from 2 batch(es)
2026-09-17 19:44:57,797 | INFO     | phoenix_rag.question_generator | Generating questions for batch 1/2
2026-09-17 19:46:33,848 | INFO     | phoenix_rag.cli | Starting Phoenix RAG optimization run
2026-09-17 19:46:33,856 | INFO     | phoenix_rag.cli | Workspace: /home/yared/workspace/phoenix-rag-experiments
2026-09-17 19:46:33,857 | INFO     | phoenix_rag.cli | Source document: data/source.pdf
2026-09-17 19:49:29,323 | INFO     | sentence_transformers.base.model | No device provided, using cpu
2026-09-17 19:49:31,165 | INFO     | httpx | HTTP Request: HEAD https://huggingface.co/sentence-transformers/all-MiniLM-L6-v2/resolve/main/modules.json "HTTP/1.1 307 Temporary Redirect"
2026-09-17 19:49:31,177 | WARNING  | huggingface_hub.utils._http | Warning: You are sending unauthenticated requests to the HF Hub. Please set a HF_TOKEN to enable higher rate limits and faster downloads.
2026-09-17 19:49:31,386 | INFO     | httpx | HTTP Request: HEAD https://huggingface.co/api/resolve-cache/models/sentence-transformers/all-MiniLM-L6-v2/1110a243fdf4706b3f48f1d95db1a4f5529b4d41/modules.json "HTTP/1.1 200 OK"
2026-09-17 19:49:31,676 | INFO     | httpx | HTTP Request: HEAD https://huggingface.co/sentence-transformers/all-MiniLM-L6-v2/resolve/main/config_sentence_transformers.json "HTTP/1.1 307 Temporary Redirect"
2026-09-17 19:49:31,983 | INFO     | httpx | HTTP Request: HEAD https://huggingface.co/api/resolve-cache/models/sentence-transformers/all-MiniLM-L6-v2/1110a243fdf4706b3f48f1d95db1a4f5529b4d41/config_sentence_transformers.json "HTTP/1.1 200 OK"
2026-09-17 19:49:31,999 | INFO     | sentence_transformers.base.model | Loading SentenceTransformer model from sentence-transformers/all-MiniLM-L6-v2.
2026-09-17 19:49:32,291 | INFO     | httpx | HTTP Request: HEAD https://huggingface.co/sentence-transformers/all-MiniLM-L6-v2/resolve/main/config_sentence_transformers.json "HTTP/1.1 307 Temporary Redirect"
2026-09-17 19:49:32,495 | INFO     | httpx | HTTP Request: HEAD https://huggingface.co/api/resolve-cache/models/sentence-transformers/all-MiniLM-L6-v2/1110a243fdf4706b3f48f1d95db1a4f5529b4d41/config_sentence_transformers.json "HTTP/1.1 200 OK"
2026-09-17 19:49:32,749 | INFO     | httpx | HTTP Request: HEAD https://huggingface.co/sentence-transformers/all-MiniLM-L6-v2/resolve/main/README.md "HTTP/1.1 307 Temporary Redirect"
2026-09-17 19:49:32,950 | INFO     | httpx | HTTP Request: HEAD https://huggingface.co/api/resolve-cache/models/sentence-transformers/all-MiniLM-L6-v2/1110a243fdf4706b3f48f1d95db1a4f5529b4d41/README.md "HTTP/1.1 200 OK"
2026-09-17 19:49:33,313 | INFO     | httpx | HTTP Request: HEAD https://huggingface.co/sentence-transformers/all-MiniLM-L6-v2/resolve/main/modules.json "HTTP/1.1 307 Temporary Redirect"
2026-09-17 19:49:33,520 | INFO     | httpx | HTTP Request: HEAD https://huggingface.co/api/resolve-cache/models/sentence-transformers/all-MiniLM-L6-v2/1110a243fdf4706b3f48f1d95db1a4f5529b4d41/modules.json "HTTP/1.1 200 OK"
2026-09-17 19:49:33,858 | INFO     | httpx | HTTP Request: HEAD https://huggingface.co/sentence-transformers/all-MiniLM-L6-v2/resolve/main/sentence_bert_config.json "HTTP/1.1 307 Temporary Redirect"
2026-09-17 19:49:34,141 | INFO     | httpx | HTTP Request: HEAD https://huggingface.co/api/resolve-cache/models/sentence-transformers/all-MiniLM-L6-v2/1110a243fdf4706b3f48f1d95db1a4f5529b4d41/sentence_bert_config.json "HTTP/1.1 200 OK"
2026-09-17 19:49:34,452 | INFO     | httpx | HTTP Request: HEAD https://huggingface.co/sentence-transformers/all-MiniLM-L6-v2/resolve/main/adapter_config.json "HTTP/1.1 404 Not Found"
2026-09-17 19:49:34,701 | INFO     | httpx | HTTP Request: HEAD https://huggingface.co/sentence-transformers/all-MiniLM-L6-v2/resolve/main/config.json "HTTP/1.1 307 Temporary Redirect"
2026-09-17 19:49:34,896 | INFO     | httpx | HTTP Request: HEAD https://huggingface.co/api/resolve-cache/models/sentence-transformers/all-MiniLM-L6-v2/1110a243fdf4706b3f48f1d95db1a4f5529b4d41/config.json "HTTP/1.1 200 OK"
2026-09-17 19:49:38,233 | INFO     | httpx | HTTP Request: HEAD https://huggingface.co/sentence-transformers/all-MiniLM-L6-v2/resolve/main/processor_config.json "HTTP/1.1 404 Not Found"
2026-09-17 19:49:38,563 | INFO     | httpx | HTTP Request: HEAD https://huggingface.co/sentence-transformers/all-MiniLM-L6-v2/resolve/main/preprocessor_config.json "HTTP/1.1 404 Not Found"
2026-09-17 19:49:38,879 | INFO     | httpx | HTTP Request: HEAD https://huggingface.co/sentence-transformers/all-MiniLM-L6-v2/resolve/main/video_preprocessor_config.json "HTTP/1.1 404 Not Found"
2026-09-17 19:49:39,239 | INFO     | httpx | HTTP Request: HEAD https://huggingface.co/sentence-transformers/all-MiniLM-L6-v2/resolve/main/preprocessor_config.json "HTTP/1.1 404 Not Found"
2026-09-17 19:49:39,520 | INFO     | httpx | HTTP Request: HEAD https://huggingface.co/sentence-transformers/all-MiniLM-L6-v2/resolve/main/tokenizer_config.json "HTTP/1.1 307 Temporary Redirect"
2026-09-17 19:49:39,784 | INFO     | httpx | HTTP Request: HEAD https://huggingface.co/api/resolve-cache/models/sentence-transformers/all-MiniLM-L6-v2/1110a243fdf4706b3f48f1d95db1a4f5529b4d41/tokenizer_config.json "HTTP/1.1 200 OK"
2026-09-17 19:49:40,104 | INFO     | httpx | HTTP Request: HEAD https://huggingface.co/sentence-transformers/all-MiniLM-L6-v2/resolve/main/config.json "HTTP/1.1 307 Temporary Redirect"
2026-09-17 19:49:40,379 | INFO     | httpx | HTTP Request: HEAD https://huggingface.co/api/resolve-cache/models/sentence-transformers/all-MiniLM-L6-v2/1110a243fdf4706b3f48f1d95db1a4f5529b4d41/config.json "HTTP/1.1 200 OK"
2026-09-17 19:49:40,841 | INFO     | httpx | HTTP Request: HEAD https://huggingface.co/sentence-transformers/all-MiniLM-L6-v2/resolve/main/config.json "HTTP/1.1 307 Temporary Redirect"
2026-09-17 19:49:41,120 | INFO     | httpx | HTTP Request: HEAD https://huggingface.co/api/resolve-cache/models/sentence-transformers/all-MiniLM-L6-v2/1110a243fdf4706b3f48f1d95db1a4f5529b4d41/config.json "HTTP/1.1 200 OK"
2026-09-17 19:49:41,546 | INFO     | httpx | HTTP Request: HEAD https://huggingface.co/sentence-transformers/all-MiniLM-L6-v2/resolve/main/tokenizer_config.json "HTTP/1.1 307 Temporary Redirect"
2026-09-17 19:49:41,813 | INFO     | httpx | HTTP Request: HEAD https://huggingface.co/api/resolve-cache/models/sentence-transformers/all-MiniLM-L6-v2/1110a243fdf4706b3f48f1d95db1a4f5529b4d41/tokenizer_config.json "HTTP/1.1 200 OK"
2026-09-17 19:49:42,345 | INFO     | httpx | HTTP Request: GET https://huggingface.co/api/models/sentence-transformers/all-MiniLM-L6-v2/tree/main/additional_chat_templates?recursive=false&expand=false "HTTP/1.1 404 Not Found"
2026-09-17 19:49:42,620 | INFO     | httpx | HTTP Request: GET https://huggingface.co/api/models/sentence-transformers/all-MiniLM-L6-v2/tree/main?recursive=true&expand=false "HTTP/1.1 200 OK"
2026-09-17 19:49:43,914 | INFO     | httpx | HTTP Request: HEAD https://huggingface.co/sentence-transformers/all-MiniLM-L6-v2/resolve/main/1_Pooling/config.json "HTTP/1.1 307 Temporary Redirect"
2026-09-17 19:49:44,181 | INFO     | httpx | HTTP Request: HEAD https://huggingface.co/api/resolve-cache/models/sentence-transformers/all-MiniLM-L6-v2/1110a243fdf4706b3f48f1d95db1a4f5529b4d41/1_Pooling%2Fconfig.json "HTTP/1.1 200 OK"
2026-09-17 19:49:44,596 | INFO     | httpx | HTTP Request: HEAD https://huggingface.co/sentence-transformers/all-MiniLM-L6-v2/resolve/main/2_Normalize/config.json "HTTP/1.1 404 Not Found"
2026-09-17 19:49:44,888 | INFO     | httpx | HTTP Request: GET https://huggingface.co/api/models/sentence-transformers/all-MiniLM-L6-v2 "HTTP/1.1 200 OK"
2026-09-17 19:49:44,906 | INFO     | phoenix_rag.document_loader | Loading document source.pdf (.pdf)
2026-09-17 19:49:48,106 | INFO     | phoenix_rag.document_loader | Loaded 4 page(s)/section(s) from source.pdf
2026-09-17 19:49:48,107 | INFO     | phoenix_rag.question_generator | Generating questions from 2 batch(es)
2026-09-17 19:49:48,108 | INFO     | phoenix_rag.question_generator | Generating questions for batch 1/2
2026-09-17 20:48:46,443 | INFO     | phoenix_rag.cli | Starting Phoenix RAG optimization run
2026-09-17 20:48:46,444 | INFO     | phoenix_rag.cli | Workspace: /home/yared/workspace/phoenix-rag-experiments
2026-09-17 20:48:46,444 | INFO     | phoenix_rag.cli | Corpus: /home/yared/workspace/phoenix-rag-experiments/data/corpus
2026-09-17 20:49:21,490 | INFO     | phoenix_rag.corpus | No corpus manifest at /home/yared/workspace/phoenix-rag-experiments/data/corpus/manifest.json; starting an empty corpus
2026-09-17 20:49:21,496 | INFO     | phoenix_rag.corpus | Bootstrapping corpus from the configured source document Harvey_Abilene_Paradox.pdf
2026-09-17 20:49:21,497 | INFO     | phoenix_rag.document_loader | Loading document Harvey_Abilene_Paradox.pdf (.pdf)
2026-09-17 20:49:23,453 | INFO     | phoenix_rag.document_loader | Loaded 12 page(s)/section(s) from Harvey_Abilene_Paradox.pdf
2026-09-17 20:49:23,470 | WARNING  | phoenix_rag.summarizer | Document is 52238 chars, truncated to 40000 for summarization
2026-09-17 20:49:43,434 | INFO     | httpx | HTTP Request: POST https://api.mistral.ai/v1/chat/completions "HTTP/1.1 200 OK"
2026-09-17 20:49:43,440 | INFO     | phoenix_rag.summarizer | Generated document summary (6085 chars)
2026-09-17 20:49:43,444 | INFO     | phoenix_rag.question_generator | Generating questions from 9 batch(es)
2026-09-17 20:49:43,445 | INFO     | phoenix_rag.question_generator | Generating questions for batch 1/9
2026-09-17 20:49:45,584 | INFO     | httpx | HTTP Request: POST https://api.mistral.ai/v1/chat/completions "HTTP/1.1 200 OK"
2026-09-17 20:49:45,589 | INFO     | phoenix_rag.question_generator | Generating questions for batch 2/9
2026-09-17 20:49:47,424 | INFO     | httpx | HTTP Request: POST https://api.mistral.ai/v1/chat/completions "HTTP/1.1 200 OK"
2026-09-17 20:49:47,434 | INFO     | phoenix_rag.question_generator | Generating questions for batch 3/9
2026-09-17 20:49:50,189 | INFO     | httpx | HTTP Request: POST https://api.mistral.ai/v1/chat/completions "HTTP/1.1 200 OK"
2026-09-17 20:49:50,195 | INFO     | phoenix_rag.question_generator | Generating questions for batch 4/9
2026-09-17 20:49:52,753 | INFO     | httpx | HTTP Request: POST https://api.mistral.ai/v1/chat/completions "HTTP/1.1 200 OK"
2026-09-17 20:49:52,763 | INFO     | phoenix_rag.question_generator | Generating questions for batch 5/9
2026-09-17 20:49:56,232 | INFO     | httpx | HTTP Request: POST https://api.mistral.ai/v1/chat/completions "HTTP/1.1 200 OK"
2026-09-17 20:49:56,249 | INFO     | phoenix_rag.question_generator | Generating questions for batch 6/9
2026-09-17 20:49:58,382 | INFO     | httpx | HTTP Request: POST https://api.mistral.ai/v1/chat/completions "HTTP/1.1 200 OK"
2026-09-17 20:49:58,388 | INFO     | phoenix_rag.question_generator | Generating questions for batch 7/9
2026-09-17 20:50:00,224 | INFO     | httpx | HTTP Request: POST https://api.mistral.ai/v1/chat/completions "HTTP/1.1 200 OK"
2026-09-17 20:50:00,238 | INFO     | phoenix_rag.question_generator | Generating questions for batch 8/9
2026-09-17 20:50:02,682 | INFO     | httpx | HTTP Request: POST https://api.mistral.ai/v1/chat/completions "HTTP/1.1 200 OK"
2026-09-17 20:50:02,694 | INFO     | phoenix_rag.question_generator | Generating questions for batch 9/9
2026-09-17 20:50:05,343 | INFO     | httpx | HTTP Request: POST https://api.mistral.ai/v1/chat/completions "HTTP/1.1 200 OK"
2026-09-17 20:50:05,350 | INFO     | phoenix_rag.question_generator | Deduplicated 9 -> 9 questions
2026-09-17 20:50:05,351 | INFO     | phoenix_rag.question_generator | Deduplicated 9 -> 9 questions
2026-09-17 20:50:05,362 | INFO     | phoenix_rag.question_generator | Saved 9 benchmark questions to /home/yared/workspace/phoenix-rag-experiments/data/corpus/benchmark.json
2026-09-17 20:50:05,363 | INFO     | phoenix_rag.corpus | Corpus benchmark: 0 question(s) -> 9 (+9 from this document)
2026-09-17 20:50:05,377 | INFO     | phoenix_rag.corpus | Corpus bootstrapped with 'Harvey_Abilene_Paradox'
2026-09-17 20:50:05,381 | INFO     | phoenix_rag.corpus | Corpus benchmark: 9 question(s) across 1 document(s)
2026-09-17 20:50:05,382 | INFO     | phoenix_rag.runner | Corpus summary ready (6085 chars, 1 document(s))
2026-09-17 20:50:05,382 | INFO     | phoenix_rag.runner | Aggregated corpus profile: DocumentProfile(pages=12, characters=52238, estimated_tokens=13059, sections=14, median_chars_per_page=4353.0, min_chars_per_page=4353, max_chars_per_page=4354, doc_type='paper', table_heavy=False, list_heavy=False)
2026-09-17 20:50:05,384 | INFO     | phoenix_rag.runner | Benchmark composition: Harvey_Abilene_Paradox=9
2026-09-17 20:50:05,385 | INFO     | phoenix_rag.runner | Benchmark ready: 9 fixed evaluation questions (corpus of 1: Harvey_Abilene_Paradox)
2026-09-17 20:50:05,386 | INFO     | phoenix_rag.seed_config | Profile-seeded starting configuration: seed_from_profile[prose-heavy]: doc_type=paper, median_chars_per_page=4353.0, characters=52238, sections=14, chars_per_section~3731 -> prose-heavy, so chunk_size=1200, chunk_overlap=180 (15% of chunk_size), top_k=4 (~10% document coverage over 52 estimated chunks). retriever_type/similarity_threshold/prompt_template left at base values -- those need measured scores to choose.
2026-09-17 20:50:05,387 | INFO     | phoenix_rag.runner | === Iteration 1/5 ===
2026-09-17 20:50:05,387 | INFO     | phoenix_rag.runner | Vector store needed for chunk_size=1200, chunk_overlap=180
2026-09-17 20:50:05,392 | INFO     | phoenix_rag.corpus | Building a new index variant (chunk_size=1200, overlap=180) over 1 document(s)
2026-09-17 20:50:05,393 | INFO     | phoenix_rag.document_loader | Loading document Harvey_Abilene_Paradox.pdf (.pdf)
2026-09-17 20:50:07,250 | INFO     | phoenix_rag.document_loader | Loaded 12 page(s)/section(s) from Harvey_Abilene_Paradox.pdf
2026-09-17 20:50:07,260 | INFO     | phoenix_rag.chunking | Split 12 document(s) into 56 chunks (chunk_size=1200, overlap=180)
2026-09-17 20:50:07,260 | INFO     | phoenix_rag.vector_store | Building FAISS index from 56 chunks
2026-09-17 20:50:08,529 | INFO     | httpx | HTTP Request: POST https://api.mistral.ai/v1/embeddings "HTTP/1.1 200 OK"
2026-09-17 20:50:09,748 | INFO     | httpx | HTTP Request: POST https://api.mistral.ai/v1/embeddings "HTTP/1.1 200 OK"
2026-09-17 20:50:09,890 | INFO     | faiss.loader | Loading faiss with AVX2 support.
2026-09-17 20:50:09,891 | INFO     | faiss.loader | Could not load library with AVX2 support due to:
ModuleNotFoundError("No module named 'faiss.swigfaiss_avx2'")
2026-09-17 20:50:09,892 | INFO     | faiss.loader | Loading faiss.
2026-09-17 20:50:10,126 | INFO     | faiss.loader | Successfully loaded faiss.
2026-09-17 20:50:10,204 | INFO     | phoenix_rag.vector_store | Saved FAISS index to /home/yared/workspace/phoenix-rag-experiments/data/corpus/indexes/30f40218ad664e2baa38
2026-09-17 20:50:10,217 | INFO     | phoenix_rag.corpus | sync_index: built a new index (56 vectors) over 1 document(s): Harvey_Abilene_Paradox
2026-09-17 20:50:10,218 | INFO     | phoenix_rag.rag_pipeline | Answering question 1/9
2026-09-17 20:50:10,670 | INFO     | httpx | HTTP Request: POST https://api.mistral.ai/v1/embeddings "HTTP/1.1 200 OK"
2026-09-17 20:50:14,153 | INFO     | httpx | HTTP Request: POST https://api.mistral.ai/v1/chat/completions "HTTP/1.1 200 OK"
2026-09-17 20:50:14,158 | INFO     | phoenix_rag.rag_pipeline | Answering question 2/9
2026-09-17 20:50:14,561 | INFO     | httpx | HTTP Request: POST https://api.mistral.ai/v1/embeddings "HTTP/1.1 200 OK"
2026-09-17 20:50:17,126 | INFO     | httpx | HTTP Request: POST https://api.mistral.ai/v1/chat/completions "HTTP/1.1 200 OK"
2026-09-17 20:50:17,131 | INFO     | phoenix_rag.rag_pipeline | Answering question 3/9
2026-09-17 20:50:17,528 | INFO     | httpx | HTTP Request: POST https://api.mistral.ai/v1/embeddings "HTTP/1.1 200 OK"
2026-09-17 20:50:21,831 | INFO     | httpx | HTTP Request: POST https://api.mistral.ai/v1/chat/completions "HTTP/1.1 200 OK"
2026-09-17 20:50:21,838 | INFO     | phoenix_rag.rag_pipeline | Answering question 4/9
2026-09-17 20:50:22,268 | INFO     | httpx | HTTP Request: POST https://api.mistral.ai/v1/embeddings "HTTP/1.1 200 OK"
2026-09-17 20:50:24,596 | INFO     | httpx | HTTP Request: POST https://api.mistral.ai/v1/chat/completions "HTTP/1.1 200 OK"
2026-09-17 20:50:24,604 | INFO     | phoenix_rag.rag_pipeline | Answering question 5/9
2026-09-17 20:50:24,905 | INFO     | httpx | HTTP Request: POST https://api.mistral.ai/v1/embeddings "HTTP/1.1 200 OK"
2026-09-17 20:50:28,080 | INFO     | httpx | HTTP Request: POST https://api.mistral.ai/v1/chat/completions "HTTP/1.1 200 OK"
2026-09-17 20:50:28,084 | INFO     | phoenix_rag.rag_pipeline | Answering question 6/9
2026-09-17 20:50:28,385 | INFO     | httpx | HTTP Request: POST https://api.mistral.ai/v1/embeddings "HTTP/1.1 200 OK"
2026-09-17 20:50:31,261 | INFO     | httpx | HTTP Request: POST https://api.mistral.ai/v1/chat/completions "HTTP/1.1 200 OK"
2026-09-17 20:50:31,266 | INFO     | phoenix_rag.rag_pipeline | Answering question 7/9
2026-09-17 20:50:31,664 | INFO     | httpx | HTTP Request: POST https://api.mistral.ai/v1/embeddings "HTTP/1.1 200 OK"
2026-09-17 20:50:33,299 | INFO     | httpx | HTTP Request: POST https://api.mistral.ai/v1/chat/completions "HTTP/1.1 200 OK"
2026-09-17 20:50:33,303 | INFO     | phoenix_rag.rag_pipeline | Answering question 8/9
2026-09-17 20:50:33,606 | INFO     | httpx | HTTP Request: POST https://api.mistral.ai/v1/embeddings "HTTP/1.1 200 OK"
2026-09-17 20:50:35,974 | INFO     | httpx | HTTP Request: POST https://api.mistral.ai/v1/chat/completions "HTTP/1.1 200 OK"
2026-09-17 20:50:35,987 | INFO     | phoenix_rag.rag_pipeline | Answering question 9/9
2026-09-17 20:50:36,372 | INFO     | httpx | HTTP Request: POST https://api.mistral.ai/v1/embeddings "HTTP/1.1 200 OK"
2026-09-17 20:50:39,249 | INFO     | httpx | HTTP Request: POST https://api.mistral.ai/v1/chat/completions "HTTP/1.1 200 OK"
2026-09-17 20:50:39,379 | INFO     | phoenix_rag.evaluator | Running Ragas evaluation over 9 samples (max_workers=3)
2026-09-17 20:50:44,564 | INFO     | httpx | HTTP Request: POST https://api.mistral.ai/v1/chat/completions "HTTP/1.1 200 OK"
2026-09-17 20:50:47,237 | INFO     | httpx | HTTP Request: POST https://api.mistral.ai/v1/chat/completions "HTTP/1.1 200 OK"
2026-09-17 20:50:47,241 | INFO     | httpx | HTTP Request: POST https://api.mistral.ai/v1/chat/completions "HTTP/1.1 200 OK"
2026-09-17 20:51:05,307 | INFO     | httpx | HTTP Request: POST https://api.mistral.ai/v1/chat/completions "HTTP/1.1 200 OK"
2026-09-17 20:51:08,070 | INFO     | httpx | HTTP Request: POST https://api.mistral.ai/v1/embeddings "HTTP/1.1 200 OK"
2026-09-17 20:51:09,670 | INFO     | httpx | HTTP Request: POST https://api.mistral.ai/v1/embeddings "HTTP/1.1 200 OK"
2026-09-17 20:51:10,888 | INFO     | httpx | HTTP Request: POST https://api.mistral.ai/v1/chat/completions "HTTP/1.1 200 OK"
2026-09-17 20:51:15,086 | INFO     | httpx | HTTP Request: POST https://api.mistral.ai/v1/chat/completions "HTTP/1.1 200 OK"
2026-09-17 20:51:17,544 | INFO     | httpx | HTTP Request: POST https://api.mistral.ai/v1/chat/completions "HTTP/1.1 200 OK"
2026-09-17 20:51:21,633 | INFO     | httpx | HTTP Request: POST https://api.mistral.ai/v1/chat/completions "HTTP/1.1 200 OK"
2026-09-17 20:51:24,100 | INFO     | httpx | HTTP Request: POST https://api.mistral.ai/v1/chat/completions "HTTP/1.1 200 OK"
2026-09-17 20:51:28,903 | INFO     | httpx | HTTP Request: POST https://api.mistral.ai/v1/chat/completions "HTTP/1.1 200 OK"
2026-09-17 20:51:31,371 | INFO     | httpx | HTTP Request: POST https://api.mistral.ai/v1/chat/completions "HTTP/1.1 200 OK"
2026-09-17 20:51:33,731 | INFO     | httpx | HTTP Request: POST https://api.mistral.ai/v1/chat/completions "HTTP/1.1 200 OK"
2026-09-17 20:51:37,163 | INFO     | httpx | HTTP Request: POST https://api.mistral.ai/v1/chat/completions "HTTP/1.1 200 OK"
2026-09-17 20:51:39,765 | INFO     | httpx | HTTP Request: POST https://api.mistral.ai/v1/chat/completions "HTTP/1.1 200 OK"
2026-09-17 20:51:42,625 | INFO     | httpx | HTTP Request: POST https://api.mistral.ai/v1/embeddings "HTTP/1.1 200 OK"
2026-09-17 20:51:44,264 | INFO     | httpx | HTTP Request: POST https://api.mistral.ai/v1/embeddings "HTTP/1.1 200 OK"
2026-09-17 20:51:45,428 | INFO     | httpx | HTTP Request: POST https://api.mistral.ai/v1/chat/completions "HTTP/1.1 200 OK"
2026-09-17 20:51:48,233 | INFO     | httpx | HTTP Request: POST https://api.mistral.ai/v1/chat/completions "HTTP/1.1 200 OK"
2026-09-17 20:51:50,618 | INFO     | httpx | HTTP Request: POST https://api.mistral.ai/v1/chat/completions "HTTP/1.1 200 OK"
2026-09-17 20:52:04,224 | INFO     | httpx | HTTP Request: POST https://api.mistral.ai/v1/chat/completions "HTTP/1.1 200 OK"
2026-09-17 20:52:08,472 | INFO     | httpx | HTTP Request: POST https://api.mistral.ai/v1/chat/completions "HTTP/1.1 200 OK"
2026-09-17 20:52:10,655 | INFO     | httpx | HTTP Request: POST https://api.mistral.ai/v1/chat/completions "HTTP/1.1 200 OK"
2026-09-17 20:52:13,470 | INFO     | httpx | HTTP Request: POST https://api.mistral.ai/v1/embeddings "HTTP/1.1 200 OK"
2026-09-17 20:52:15,226 | INFO     | httpx | HTTP Request: POST https://api.mistral.ai/v1/embeddings "HTTP/1.1 200 OK"
2026-09-17 20:52:16,669 | INFO     | httpx | HTTP Request: POST https://api.mistral.ai/v1/chat/completions "HTTP/1.1 200 OK"
2026-09-17 20:52:29,624 | INFO     | httpx | HTTP Request: POST https://api.mistral.ai/v1/chat/completions "HTTP/1.1 200 OK"
2026-09-17 20:52:29,654 | INFO     | httpx | HTTP Request: POST https://api.mistral.ai/v1/chat/completions "HTTP/1.1 200 OK"
2026-09-17 20:52:42,639 | INFO     | httpx | HTTP Request: POST https://api.mistral.ai/v1/chat/completions "HTTP/1.1 200 OK"
2026-09-17 20:52:47,393 | INFO     | httpx | HTTP Request: POST https://api.mistral.ai/v1/chat/completions "HTTP/1.1 200 OK"
2026-09-17 20:52:49,625 | INFO     | httpx | HTTP Request: POST https://api.mistral.ai/v1/chat/completions "HTTP/1.1 200 OK"
2026-09-17 20:52:53,692 | INFO     | httpx | HTTP Request: POST https://api.mistral.ai/v1/chat/completions "HTTP/1.1 200 OK"
2026-09-17 20:52:56,051 | INFO     | httpx | HTTP Request: POST https://api.mistral.ai/v1/chat/completions "HTTP/1.1 200 OK"
2026-09-17 20:52:56,054 | INFO     | httpx | HTTP Request: POST https://api.mistral.ai/v1/chat/completions "HTTP/1.1 200 OK"
2026-09-17 20:53:02,087 | INFO     | httpx | HTTP Request: POST https://api.mistral.ai/v1/chat/completions "HTTP/1.1 200 OK"
2026-09-17 20:53:05,058 | INFO     | httpx | HTTP Request: POST https://api.mistral.ai/v1/embeddings "HTTP/1.1 200 OK"
2026-09-17 20:53:06,699 | INFO     | httpx | HTTP Request: POST https://api.mistral.ai/v1/embeddings "HTTP/1.1 200 OK"
2026-09-17 20:53:07,931 | INFO     | httpx | HTTP Request: POST https://api.mistral.ai/v1/chat/completions "HTTP/1.1 200 OK"
2026-09-17 20:53:07,934 | INFO     | httpx | HTTP Request: POST https://api.mistral.ai/v1/chat/completions "HTTP/1.1 200 OK"
2026-09-17 20:53:14,899 | INFO     | httpx | HTTP Request: POST https://api.mistral.ai/v1/chat/completions "HTTP/1.1 200 OK"
2026-09-17 20:53:17,353 | INFO     | httpx | HTTP Request: POST https://api.mistral.ai/v1/chat/completions "HTTP/1.1 200 OK"
2026-09-17 20:53:21,034 | INFO     | httpx | HTTP Request: POST https://api.mistral.ai/v1/chat/completions "HTTP/1.1 200 OK"
2026-09-17 20:53:24,006 | INFO     | httpx | HTTP Request: POST https://api.mistral.ai/v1/embeddings "HTTP/1.1 200 OK"
2026-09-17 20:53:26,180 | INFO     | httpx | HTTP Request: POST https://api.mistral.ai/v1/embeddings "HTTP/1.1 200 OK"
2026-09-17 20:53:27,490 | INFO     | httpx | HTTP Request: POST https://api.mistral.ai/v1/chat/completions "HTTP/1.1 200 OK"
2026-09-17 20:53:30,130 | INFO     | httpx | HTTP Request: POST https://api.mistral.ai/v1/chat/completions "HTTP/1.1 200 OK"
2026-09-17 20:53:34,167 | INFO     | httpx | HTTP Request: POST https://api.mistral.ai/v1/chat/completions "HTTP/1.1 200 OK"
2026-09-17 20:53:36,838 | INFO     | httpx | HTTP Request: POST https://api.mistral.ai/v1/chat/completions "HTTP/1.1 200 OK"
2026-09-17 20:53:39,265 | INFO     | httpx | HTTP Request: POST https://api.mistral.ai/v1/chat/completions "HTTP/1.1 200 OK"
2026-09-17 20:53:41,990 | INFO     | httpx | HTTP Request: POST https://api.mistral.ai/v1/chat/completions "HTTP/1.1 200 OK"
2026-09-17 20:53:44,587 | INFO     | httpx | HTTP Request: POST https://api.mistral.ai/v1/chat/completions "HTTP/1.1 200 OK"
2026-09-17 20:53:49,092 | INFO     | httpx | HTTP Request: POST https://api.mistral.ai/v1/chat/completions "HTTP/1.1 200 OK"
2026-09-17 20:53:51,551 | INFO     | httpx | HTTP Request: POST https://api.mistral.ai/v1/chat/completions "HTTP/1.1 200 OK"
2026-09-17 20:53:51,554 | INFO     | httpx | HTTP Request: POST https://api.mistral.ai/v1/chat/completions "HTTP/1.1 200 OK"
2026-09-17 20:53:58,205 | INFO     | httpx | HTTP Request: POST https://api.mistral.ai/v1/chat/completions "HTTP/1.1 200 OK"
2026-09-17 20:54:03,892 | INFO     | httpx | HTTP Request: POST https://api.mistral.ai/v1/embeddings "HTTP/1.1 200 OK"
2026-09-17 20:54:05,270 | INFO     | httpx | HTTP Request: POST https://api.mistral.ai/v1/embeddings "HTTP/1.1 200 OK"
2026-09-17 20:54:06,505 | INFO     | httpx | HTTP Request: POST https://api.mistral.ai/v1/chat/completions "HTTP/1.1 200 OK"
2026-09-17 20:54:06,509 | INFO     | httpx | HTTP Request: POST https://api.mistral.ai/v1/chat/completions "HTTP/1.1 200 OK"
2026-09-17 20:54:14,368 | INFO     | httpx | HTTP Request: POST https://api.mistral.ai/v1/chat/completions "HTTP/1.1 200 OK"
2026-09-17 20:54:17,373 | INFO     | httpx | HTTP Request: POST https://api.mistral.ai/v1/chat/completions "HTTP/1.1 200 OK"
2026-09-17 20:54:20,332 | INFO     | httpx | HTTP Request: POST https://api.mistral.ai/v1/chat/completions "HTTP/1.1 200 OK"
2026-09-17 20:54:28,013 | INFO     | httpx | HTTP Request: POST https://api.mistral.ai/v1/chat/completions "HTTP/1.1 200 OK"
2026-09-17 20:54:35,397 | INFO     | httpx | HTTP Request: POST https://api.mistral.ai/v1/chat/completions "HTTP/1.1 200 OK"
2026-09-17 20:54:43,364 | INFO     | httpx | HTTP Request: POST https://api.mistral.ai/v1/embeddings "HTTP/1.1 200 OK"
2026-09-17 20:54:45,110 | INFO     | httpx | HTTP Request: POST https://api.mistral.ai/v1/embeddings "HTTP/1.1 200 OK"
2026-09-17 20:54:46,497 | INFO     | httpx | HTTP Request: POST https://api.mistral.ai/v1/chat/completions "HTTP/1.1 200 OK"
2026-09-17 20:54:51,247 | INFO     | httpx | HTTP Request: POST https://api.mistral.ai/v1/chat/completions "HTTP/1.1 200 OK"
2026-09-17 20:54:53,621 | INFO     | httpx | HTTP Request: POST https://api.mistral.ai/v1/chat/completions "HTTP/1.1 200 OK"
2026-09-17 20:54:58,017 | INFO     | httpx | HTTP Request: POST https://api.mistral.ai/v1/chat/completions "HTTP/1.1 200 OK"
2026-09-17 20:55:00,585 | INFO     | httpx | HTTP Request: POST https://api.mistral.ai/v1/chat/completions "HTTP/1.1 200 OK"
2026-09-17 20:55:03,291 | INFO     | httpx | HTTP Request: POST https://api.mistral.ai/v1/chat/completions "HTTP/1.1 200 OK"
2026-09-17 20:55:06,042 | INFO     | httpx | HTTP Request: POST https://api.mistral.ai/v1/chat/completions "HTTP/1.1 200 OK"
2026-09-17 20:55:17,263 | INFO     | httpx | HTTP Request: POST https://api.mistral.ai/v1/chat/completions "HTTP/1.1 200 OK"
2026-09-17 20:55:19,822 | INFO     | httpx | HTTP Request: POST https://api.mistral.ai/v1/chat/completions "HTTP/1.1 200 OK"
2026-09-17 20:55:23,935 | INFO     | httpx | HTTP Request: POST https://api.mistral.ai/v1/embeddings "HTTP/1.1 200 OK"
2026-09-17 20:55:38,667 | INFO     | httpx | HTTP Request: POST https://api.mistral.ai/v1/embeddings "HTTP/1.1 200 OK"
2026-09-17 20:55:40,017 | INFO     | httpx | HTTP Request: POST https://api.mistral.ai/v1/chat/completions "HTTP/1.1 200 OK"
2026-09-17 20:55:43,795 | INFO     | httpx | HTTP Request: POST https://api.mistral.ai/v1/chat/completions "HTTP/1.1 200 OK"
2026-09-17 20:55:46,621 | INFO     | httpx | HTTP Request: POST https://api.mistral.ai/v1/chat/completions "HTTP/1.1 200 OK"
2026-09-17 20:55:49,181 | INFO     | httpx | HTTP Request: POST https://api.mistral.ai/v1/chat/completions "HTTP/1.1 200 OK"
2026-09-17 20:55:53,923 | INFO     | httpx | HTTP Request: POST https://api.mistral.ai/v1/chat/completions "HTTP/1.1 200 OK"
2026-09-17 20:55:56,488 | INFO     | httpx | HTTP Request: POST https://api.mistral.ai/v1/chat/completions "HTTP/1.1 200 OK"
2026-09-17 20:55:59,593 | INFO     | httpx | HTTP Request: POST https://api.mistral.ai/v1/embeddings "HTTP/1.1 200 OK"
2026-09-17 20:56:01,395 | INFO     | httpx | HTTP Request: POST https://api.mistral.ai/v1/embeddings "HTTP/1.1 200 OK"
2026-09-17 20:56:02,737 | INFO     | httpx | HTTP Request: POST https://api.mistral.ai/v1/chat/completions "HTTP/1.1 200 OK"
2026-09-17 20:56:05,465 | INFO     | httpx | HTTP Request: POST https://api.mistral.ai/v1/chat/completions "HTTP/1.1 200 OK"
2026-09-17 20:56:10,231 | INFO     | httpx | HTTP Request: POST https://api.mistral.ai/v1/chat/completions "HTTP/1.1 200 OK"
2026-09-17 20:56:14,630 | INFO     | httpx | HTTP Request: POST https://api.mistral.ai/v1/chat/completions "HTTP/1.1 200 OK"
2026-09-17 20:56:19,372 | INFO     | phoenix_rag.evaluator | Evaluation scores: {'faithfulness': 0.9518304388918425, 'context_recall': 0.9444444444444444, 'context_precision': 0.8734567900955761, 'response_relevancy': 0.972429029499718}
2026-09-17 20:56:19,390 | INFO     | phoenix_rag.storage | New best configuration saved (iteration 1): {'faithfulness': 0.9518304388918425, 'context_recall': 0.9444444444444444, 'context_precision': 0.8734567900955761, 'response_relevancy': 0.972429029499718}
2026-09-17 20:56:19,395 | INFO     | phoenix_rag.runner | New best configuration saved! (Weighted Score: 0.9388)
2026-09-17 20:56:26,959 | INFO     | httpx | HTTP Request: POST https://api.mistral.ai/v1/chat/completions "HTTP/1.1 200 OK"
2026-09-17 20:56:26,971 | INFO     | phoenix_rag.llm_optimizer | LLM optimizer proposed: {'chunk_size': 1000, 'chunk_overlap': 150, 'top_k': 6, 'similarity_threshold': 0.1, 'retriever_type': 'similarity', 'prompt_template': "You are an expert on organizational behavior and group dynamics, specifically trained to analyze the Abilene Paradox and its manifestations in real-world scenarios. Your task is to answer the question using ONLY the provided context, which contains detailed explanations of the Abilene Paradox, its symptoms, case studies, psychological underpinnings, and diagnostic tools.\n\n**Strict Answering Rules:**\n1. If the answer requires reasoning across multiple sentences or connecting ideas from different parts of the context, ensure the retrieved context includes ALL necessary information. Do not invent or extrapolate beyond the given facts.\n2. If the question asks for a comparison, causal chain, or multi-step explanation, verify that the retrieved context contains the full argument or definition. If it is split across chunks, retrieve additional context until the complete reasoning unit is present.\n3. If the context is incomplete or ambiguous, explicitly state that the answer may be partial and suggest retrieving more context.\n4. If the question cannot be answered definitively from the context, say 'I don’t know' or 'The context does not provide sufficient information.'\n\n**Context:**\n{context}\n\n**Question:**\n{question}\n\n**Answer:**"} | llm_optimizer[prompt_template_updated]: The document is **prose-heavy and argumentative** (doc_type=paper, median_chars_per_page=4353, chars_per_section~3731), requiring **larger chunks** to preserve multi-sentence reasoning units (e.g., symptoms of the Abilene Paradox, case studies, or psychological explanations). Chunk_size=1000 (27% of chars_per_section) ensures a complete unit of reasoning (e.g., a full symptom description or a case study) fits within a single chunk, avoiding fragmentation. Overlap=150 (15%) preserves continuity across boundaries. Top_k=6 balances recall (to capture multi-part answers) and precision (avoiding excessive noise). The prompt is stricter to enforce grounding in context, especially for multi-step reasoning, and explicitly addresses the risk of fragmented chunks. This is the first structural exploration of chunk_size/overlap and top_k.
2026-09-17 20:56:26,977 | INFO     | phoenix_rag.runner | === Iteration 2/5 ===
2026-09-17 20:56:26,980 | INFO     | phoenix_rag.runner | Vector store needed for chunk_size=1000, chunk_overlap=150
2026-09-17 20:56:26,984 | INFO     | phoenix_rag.corpus | Building a new index variant (chunk_size=1000, overlap=150) over 1 document(s)
2026-09-17 20:56:26,988 | INFO     | phoenix_rag.document_loader | Loading document Harvey_Abilene_Paradox.pdf (.pdf)
2026-09-17 20:56:30,936 | INFO     | phoenix_rag.document_loader | Loaded 12 page(s)/section(s) from Harvey_Abilene_Paradox.pdf
2026-09-17 20:56:30,964 | INFO     | phoenix_rag.chunking | Split 12 document(s) into 66 chunks (chunk_size=1000, overlap=150)
2026-09-17 20:56:30,965 | INFO     | phoenix_rag.vector_store | Building FAISS index from 66 chunks
2026-09-17 20:56:32,633 | INFO     | httpx | HTTP Request: POST https://api.mistral.ai/v1/embeddings "HTTP/1.1 200 OK"
2026-09-17 20:56:34,103 | INFO     | httpx | HTTP Request: POST https://api.mistral.ai/v1/embeddings "HTTP/1.1 200 OK"
2026-09-17 20:56:34,825 | INFO     | httpx | HTTP Request: POST https://api.mistral.ai/v1/embeddings "HTTP/1.1 200 OK"
2026-09-17 20:56:35,155 | INFO     | phoenix_rag.vector_store | Saved FAISS index to /home/yared/workspace/phoenix-rag-experiments/data/corpus/indexes/bd9d0c97378148a3c60a
2026-09-17 20:56:35,175 | INFO     | phoenix_rag.corpus | sync_index: built a new index (66 vectors) over 1 document(s): Harvey_Abilene_Paradox
2026-09-17 20:56:35,191 | INFO     | phoenix_rag.rag_pipeline | Answering question 1/9
2026-09-17 20:56:35,811 | INFO     | httpx | HTTP Request: POST https://api.mistral.ai/v1/embeddings "HTTP/1.1 200 OK"
2026-09-17 20:56:42,454 | INFO     | httpx | HTTP Request: POST https://api.mistral.ai/v1/chat/completions "HTTP/1.1 200 OK"
2026-09-17 20:56:42,466 | INFO     | phoenix_rag.rag_pipeline | Answering question 2/9
2026-09-17 20:56:42,970 | INFO     | httpx | HTTP Request: POST https://api.mistral.ai/v1/embeddings "HTTP/1.1 200 OK"
2026-09-17 20:56:45,529 | INFO     | httpx | HTTP Request: POST https://api.mistral.ai/v1/chat/completions "HTTP/1.1 200 OK"
2026-09-17 20:56:45,537 | INFO     | phoenix_rag.rag_pipeline | Answering question 3/9
2026-09-17 20:56:46,255 | INFO     | httpx | HTTP Request: POST https://api.mistral.ai/v1/embeddings "HTTP/1.1 200 OK"
2026-09-17 20:56:57,613 | INFO     | httpx | HTTP Request: POST https://api.mistral.ai/v1/chat/completions "HTTP/1.1 200 OK"
2026-09-17 20:56:57,629 | INFO     | phoenix_rag.rag_pipeline | Answering question 4/9
2026-09-17 20:56:58,326 | INFO     | httpx | HTTP Request: POST https://api.mistral.ai/v1/embeddings "HTTP/1.1 200 OK"
2026-09-17 20:57:01,674 | INFO     | httpx | HTTP Request: POST https://api.mistral.ai/v1/chat/completions "HTTP/1.1 200 OK"
2026-09-17 20:57:01,762 | INFO     | phoenix_rag.rag_pipeline | Answering question 5/9
2026-09-17 20:57:02,028 | INFO     | httpx | HTTP Request: POST https://api.mistral.ai/v1/embeddings "HTTP/1.1 200 OK"
2026-09-17 20:57:06,523 | INFO     | httpx | HTTP Request: POST https://api.mistral.ai/v1/chat/completions "HTTP/1.1 200 OK"
2026-09-17 20:57:06,529 | INFO     | phoenix_rag.rag_pipeline | Answering question 6/9
2026-09-17 20:57:06,930 | INFO     | httpx | HTTP Request: POST https://api.mistral.ai/v1/embeddings "HTTP/1.1 200 OK"
2026-09-17 20:57:09,490 | INFO     | httpx | HTTP Request: POST https://api.mistral.ai/v1/chat/completions "HTTP/1.1 200 OK"
2026-09-17 20:57:09,500 | INFO     | phoenix_rag.rag_pipeline | Answering question 7/9
2026-09-17 20:57:09,949 | INFO     | httpx | HTTP Request: POST https://api.mistral.ai/v1/embeddings "HTTP/1.1 200 OK"
2026-09-17 20:57:14,200 | INFO     | httpx | HTTP Request: POST https://api.mistral.ai/v1/chat/completions "HTTP/1.1 200 OK"
2026-09-17 20:57:14,207 | INFO     | phoenix_rag.rag_pipeline | Answering question 8/9
2026-09-17 20:57:14,812 | INFO     | httpx | HTTP Request: POST https://api.mistral.ai/v1/embeddings "HTTP/1.1 200 OK"
2026-09-17 20:57:18,604 | INFO     | httpx | HTTP Request: POST https://api.mistral.ai/v1/chat/completions "HTTP/1.1 200 OK"
2026-09-17 20:57:18,611 | INFO     | phoenix_rag.rag_pipeline | Answering question 9/9
2026-09-17 20:57:19,177 | INFO     | httpx | HTTP Request: POST https://api.mistral.ai/v1/embeddings "HTTP/1.1 200 OK"
2026-09-17 20:57:28,726 | INFO     | httpx | HTTP Request: POST https://api.mistral.ai/v1/chat/completions "HTTP/1.1 200 OK"
2026-09-17 20:57:28,786 | INFO     | phoenix_rag.evaluator | Running Ragas evaluation over 9 samples (max_workers=3)
2026-09-17 20:57:33,582 | INFO     | httpx | HTTP Request: POST https://api.mistral.ai/v1/chat/completions "HTTP/1.1 200 OK"
2026-09-17 20:57:33,595 | INFO     | httpx | HTTP Request: POST https://api.mistral.ai/v1/chat/completions "HTTP/1.1 200 OK"
2026-09-17 20:57:39,143 | INFO     | httpx | HTTP Request: POST https://api.mistral.ai/v1/chat/completions "HTTP/1.1 200 OK"
2026-09-17 20:57:42,059 | INFO     | httpx | HTTP Request: POST https://api.mistral.ai/v1/chat/completions "HTTP/1.1 200 OK"
2026-09-17 20:57:42,062 | INFO     | httpx | HTTP Request: POST https://api.mistral.ai/v1/chat/completions "HTTP/1.1 200 OK"
2026-09-17 20:57:45,021 | INFO     | httpx | HTTP Request: POST https://api.mistral.ai/v1/embeddings "HTTP/1.1 200 OK"
2026-09-17 20:57:46,662 | INFO     | httpx | HTTP Request: POST https://api.mistral.ai/v1/embeddings "HTTP/1.1 200 OK"
2026-09-17 20:57:52,703 | INFO     | httpx | HTTP Request: POST https://api.mistral.ai/v1/chat/completions "HTTP/1.1 200 OK"
2026-09-17 20:57:55,877 | INFO     | httpx | HTTP Request: POST https://api.mistral.ai/v1/chat/completions "HTTP/1.1 200 OK"
2026-09-17 20:57:58,441 | INFO     | httpx | HTTP Request: POST https://api.mistral.ai/v1/chat/completions "HTTP/1.1 200 OK"
2026-09-17 20:58:03,048 | INFO     | httpx | HTTP Request: POST https://api.mistral.ai/v1/chat/completions "HTTP/1.1 200 OK"
2026-09-17 20:58:06,839 | INFO     | httpx | HTTP Request: POST https://api.mistral.ai/v1/chat/completions "HTTP/1.1 200 OK"
2026-09-17 20:58:14,616 | INFO     | httpx | HTTP Request: POST https://api.mistral.ai/v1/chat/completions "HTTP/1.1 200 OK"
2026-09-17 20:58:17,079 | INFO     | httpx | HTTP Request: POST https://api.mistral.ai/v1/chat/completions "HTTP/1.1 200 OK"
2026-09-17 20:58:20,658 | INFO     | httpx | HTTP Request: POST https://api.mistral.ai/v1/chat/completions "HTTP/1.1 200 OK"
2026-09-17 20:58:23,649 | INFO     | httpx | HTTP Request: POST https://api.mistral.ai/v1/embeddings "HTTP/1.1 200 OK"
2026-09-17 20:58:25,676 | INFO     | httpx | HTTP Request: POST https://api.mistral.ai/v1/embeddings "HTTP/1.1 200 OK"
2026-09-17 20:58:26,910 | INFO     | httpx | HTTP Request: POST https://api.mistral.ai/v1/chat/completions "HTTP/1.1 200 OK"
2026-09-17 20:58:26,914 | INFO     | httpx | HTTP Request: POST https://api.mistral.ai/v1/chat/completions "HTTP/1.1 200 OK"
2026-09-17 20:58:34,790 | INFO     | httpx | HTTP Request: POST https://api.mistral.ai/v1/chat/completions "HTTP/1.1 200 OK"
2026-09-17 20:58:37,146 | INFO     | httpx | HTTP Request: POST https://api.mistral.ai/v1/chat/completions "HTTP/1.1 200 OK"
2026-09-17 20:58:41,454 | INFO     | httpx | HTTP Request: POST https://api.mistral.ai/v1/chat/completions "HTTP/1.1 200 OK"
2026-09-17 20:58:44,006 | INFO     | httpx | HTTP Request: POST https://api.mistral.ai/v1/chat/completions "HTTP/1.1 200 OK"
2026-09-17 20:58:47,938 | INFO     | httpx | HTTP Request: POST https://api.mistral.ai/v1/chat/completions "HTTP/1.1 200 OK"
2026-09-17 20:58:50,356 | INFO     | httpx | HTTP Request: POST https://api.mistral.ai/v1/chat/completions "HTTP/1.1 200 OK"
2026-09-17 20:58:50,361 | INFO     | httpx | HTTP Request: POST https://api.mistral.ai/v1/chat/completions "HTTP/1.1 200 OK"
2026-09-17 20:58:57,416 | INFO     | httpx | HTTP Request: POST https://api.mistral.ai/v1/chat/completions "HTTP/1.1 200 OK"
2026-09-17 20:58:59,780 | INFO     | httpx | HTTP Request: POST https://api.mistral.ai/v1/chat/completions "HTTP/1.1 200 OK"
2026-09-17 20:59:04,865 | INFO     | httpx | HTTP Request: POST https://api.mistral.ai/v1/chat/completions "HTTP/1.1 200 OK"
2026-09-17 20:59:07,362 | INFO     | httpx | HTTP Request: POST https://api.mistral.ai/v1/chat/completions "HTTP/1.1 200 OK"
2026-09-17 20:59:11,039 | INFO     | httpx | HTTP Request: POST https://api.mistral.ai/v1/chat/completions "HTTP/1.1 200 OK"
2026-09-17 20:59:13,904 | INFO     | httpx | HTTP Request: POST https://api.mistral.ai/v1/embeddings "HTTP/1.1 200 OK"
2026-09-17 20:59:15,655 | INFO     | httpx | HTTP Request: POST https://api.mistral.ai/v1/embeddings "HTTP/1.1 200 OK"
2026-09-17 20:59:17,806 | INFO     | httpx | HTTP Request: POST https://api.mistral.ai/v1/chat/completions "HTTP/1.1 200 OK"
2026-09-17 20:59:22,504 | INFO     | httpx | HTTP Request: POST https://api.mistral.ai/v1/chat/completions "HTTP/1.1 200 OK"
2026-09-17 20:59:25,380 | INFO     | httpx | HTTP Request: POST https://api.mistral.ai/v1/chat/completions "HTTP/1.1 200 OK"
2026-09-17 20:59:29,270 | INFO     | httpx | HTTP Request: POST https://api.mistral.ai/v1/chat/completions "HTTP/1.1 200 OK"
2026-09-17 20:59:34,078 | INFO     | httpx | HTTP Request: POST https://api.mistral.ai/v1/chat/completions "HTTP/1.1 200 OK"
2026-09-17 20:59:38,486 | INFO     | httpx | HTTP Request: POST https://api.mistral.ai/v1/chat/completions "HTTP/1.1 200 OK"
2026-09-17 20:59:41,657 | INFO     | httpx | HTTP Request: POST https://api.mistral.ai/v1/chat/completions "HTTP/1.1 200 OK"
2026-09-17 20:59:44,160 | INFO     | httpx | HTTP Request: POST https://api.mistral.ai/v1/chat/completions "HTTP/1.1 200 OK"
2026-09-17 20:59:44,163 | INFO     | httpx | HTTP Request: POST https://api.mistral.ai/v1/chat/completions "HTTP/1.1 200 OK"
2026-09-17 20:59:50,973 | INFO     | httpx | HTTP Request: POST https://api.mistral.ai/v1/chat/completions "HTTP/1.1 200 OK"
2026-09-17 20:59:53,951 | INFO     | httpx | HTTP Request: POST https://api.mistral.ai/v1/embeddings "HTTP/1.1 200 OK"
2026-09-17 20:59:55,844 | INFO     | httpx | HTTP Request: POST https://api.mistral.ai/v1/embeddings "HTTP/1.1 200 OK"
2026-09-17 20:59:57,126 | INFO     | httpx | HTTP Request: POST https://api.mistral.ai/v1/chat/completions "HTTP/1.1 200 OK"
2026-09-17 20:59:57,129 | INFO     | httpx | HTTP Request: POST https://api.mistral.ai/v1/chat/completions "HTTP/1.1 200 OK"
2026-09-17 21:00:03,875 | INFO     | httpx | HTTP Request: POST https://api.mistral.ai/v1/chat/completions "HTTP/1.1 200 OK"
2026-09-17 21:00:06,751 | INFO     | httpx | HTTP Request: POST https://api.mistral.ai/v1/chat/completions "HTTP/1.1 200 OK"
2026-09-17 21:00:14,280 | INFO     | httpx | HTTP Request: POST https://api.mistral.ai/v1/chat/completions "HTTP/1.1 200 OK"
2026-09-17 21:00:18,934 | INFO     | httpx | HTTP Request: POST https://api.mistral.ai/v1/chat/completions "HTTP/1.1 200 OK"
2026-09-17 21:00:18,937 | INFO     | httpx | HTTP Request: POST https://api.mistral.ai/v1/chat/completions "HTTP/1.1 200 OK"
2026-09-17 21:00:29,784 | INFO     | httpx | HTTP Request: POST https://api.mistral.ai/v1/chat/completions "HTTP/1.1 200 OK"
2026-09-17 21:00:42,186 | INFO     | httpx | HTTP Request: POST https://api.mistral.ai/v1/embeddings "HTTP/1.1 200 OK"
2026-09-17 21:00:43,923 | INFO     | httpx | HTTP Request: POST https://api.mistral.ai/v1/embeddings "HTTP/1.1 200 OK"
2026-09-17 21:00:45,156 | INFO     | httpx | HTTP Request: POST https://api.mistral.ai/v1/chat/completions "HTTP/1.1 200 OK"
2026-09-17 21:00:45,159 | INFO     | httpx | HTTP Request: POST https://api.mistral.ai/v1/chat/completions "HTTP/1.1 200 OK"
2026-09-17 21:00:52,636 | INFO     | httpx | HTTP Request: POST https://api.mistral.ai/v1/chat/completions "HTTP/1.1 200 OK"
2026-09-17 21:00:55,081 | INFO     | httpx | HTTP Request: POST https://api.mistral.ai/v1/chat/completions "HTTP/1.1 200 OK"
2026-09-17 21:00:57,538 | INFO     | httpx | HTTP Request: POST https://api.mistral.ai/v1/chat/completions "HTTP/1.1 200 OK"
2026-09-17 21:01:02,561 | INFO     | httpx | HTTP Request: POST https://api.mistral.ai/v1/chat/completions "HTTP/1.1 200 OK"
2026-09-17 21:01:05,458 | INFO     | httpx | HTTP Request: POST https://api.mistral.ai/v1/chat/completions "HTTP/1.1 200 OK"
2026-09-17 21:01:05,461 | INFO     | httpx | HTTP Request: POST https://api.mistral.ai/v1/chat/completions "HTTP/1.1 200 OK"
2026-09-17 21:01:12,075 | INFO     | httpx | HTTP Request: POST https://api.mistral.ai/v1/chat/completions "HTTP/1.1 200 OK"
2026-09-17 21:01:15,354 | INFO     | httpx | HTTP Request: POST https://api.mistral.ai/v1/embeddings "HTTP/1.1 200 OK"
2026-09-17 21:01:17,101 | INFO     | httpx | HTTP Request: POST https://api.mistral.ai/v1/embeddings "HTTP/1.1 200 OK"
2026-09-17 21:01:30,928 | INFO     | httpx | HTTP Request: POST https://api.mistral.ai/v1/chat/completions "HTTP/1.1 200 OK"
2026-09-17 21:01:30,931 | INFO     | httpx | HTTP Request: POST https://api.mistral.ai/v1/chat/completions "HTTP/1.1 200 OK"
2026-09-17 21:01:45,356 | INFO     | httpx | HTTP Request: POST https://api.mistral.ai/v1/chat/completions "HTTP/1.1 200 OK"
2026-09-17 21:01:48,032 | INFO     | httpx | HTTP Request: POST https://api.mistral.ai/v1/chat/completions "HTTP/1.1 200 OK"
2026-09-17 21:01:48,034 | INFO     | httpx | HTTP Request: POST https://api.mistral.ai/v1/chat/completions "HTTP/1.1 200 OK"
2026-09-17 21:01:53,981 | INFO     | httpx | HTTP Request: POST https://api.mistral.ai/v1/chat/completions "HTTP/1.1 200 OK"
2026-09-17 21:01:57,137 | INFO     | httpx | HTTP Request: POST https://api.mistral.ai/v1/chat/completions "HTTP/1.1 200 OK"
2026-09-17 21:02:11,269 | INFO     | httpx | HTTP Request: POST https://api.mistral.ai/v1/chat/completions "HTTP/1.1 200 OK"
2026-09-17 21:02:13,929 | INFO     | httpx | HTTP Request: POST https://api.mistral.ai/v1/chat/completions "HTTP/1.1 200 OK"
2026-09-17 21:02:13,931 | INFO     | httpx | HTTP Request: POST https://api.mistral.ai/v1/chat/completions "HTTP/1.1 200 OK"
2026-09-17 21:02:20,480 | INFO     | httpx | HTTP Request: POST https://api.mistral.ai/v1/chat/completions "HTTP/1.1 200 OK"
2026-09-17 21:02:23,449 | INFO     | httpx | HTTP Request: POST https://api.mistral.ai/v1/embeddings "HTTP/1.1 200 OK"
2026-09-17 21:02:24,992 | INFO     | httpx | HTTP Request: POST https://api.mistral.ai/v1/embeddings "HTTP/1.1 200 OK"
2026-09-17 21:02:26,218 | INFO     | httpx | HTTP Request: POST https://api.mistral.ai/v1/chat/completions "HTTP/1.1 200 OK"
2026-09-17 21:02:26,221 | INFO     | httpx | HTTP Request: POST https://api.mistral.ai/v1/chat/completions "HTTP/1.1 200 OK"
2026-09-17 21:02:33,382 | INFO     | httpx | HTTP Request: POST https://api.mistral.ai/v1/chat/completions "HTTP/1.1 200 OK"
2026-09-17 21:02:36,253 | INFO     | httpx | HTTP Request: POST https://api.mistral.ai/v1/chat/completions "HTTP/1.1 200 OK"
2026-09-17 21:02:36,255 | INFO     | httpx | HTTP Request: POST https://api.mistral.ai/v1/chat/completions "HTTP/1.1 200 OK"
2026-09-17 21:02:54,688 | INFO     | httpx | HTTP Request: POST https://api.mistral.ai/v1/chat/completions "HTTP/1.1 200 OK"
2026-09-17 21:03:09,636 | INFO     | httpx | HTTP Request: POST https://api.mistral.ai/v1/chat/completions "HTTP/1.1 200 OK"
2026-09-17 21:03:09,640 | INFO     | httpx | HTTP Request: POST https://api.mistral.ai/v1/chat/completions "HTTP/1.1 200 OK"
2026-09-17 21:03:34,924 | INFO     | httpx | HTTP Request: POST https://api.mistral.ai/v1/chat/completions "HTTP/1.1 200 OK"
2026-09-17 21:03:38,100 | INFO     | httpx | HTTP Request: POST https://api.mistral.ai/v1/embeddings "HTTP/1.1 200 OK"
2026-09-17 21:03:39,739 | INFO     | httpx | HTTP Request: POST https://api.mistral.ai/v1/embeddings "HTTP/1.1 200 OK"
2026-09-17 21:03:40,971 | INFO     | httpx | HTTP Request: POST https://api.mistral.ai/v1/chat/completions "HTTP/1.1 200 OK"
2026-09-17 21:03:40,974 | INFO     | httpx | HTTP Request: POST https://api.mistral.ai/v1/chat/completions "HTTP/1.1 200 OK"
2026-09-17 21:03:48,516 | INFO     | httpx | HTTP Request: POST https://api.mistral.ai/v1/chat/completions "HTTP/1.1 200 OK"
2026-09-17 21:03:51,798 | INFO     | httpx | HTTP Request: POST https://api.mistral.ai/v1/chat/completions "HTTP/1.1 200 OK"
2026-09-17 21:03:54,856 | INFO     | httpx | HTTP Request: POST https://api.mistral.ai/v1/chat/completions "HTTP/1.1 200 OK"
2026-09-17 21:04:09,039 | INFO     | httpx | HTTP Request: POST https://api.mistral.ai/v1/chat/completions "HTTP/1.1 200 OK"
2026-09-17 21:04:09,042 | INFO     | httpx | HTTP Request: POST https://api.mistral.ai/v1/chat/completions "HTTP/1.1 200 OK"
2026-09-17 21:04:28,685 | INFO     | httpx | HTTP Request: POST https://api.mistral.ai/v1/chat/completions "HTTP/1.1 200 OK"
2026-09-17 21:04:31,391 | INFO     | httpx | HTTP Request: POST https://api.mistral.ai/v1/chat/completions "HTTP/1.1 200 OK"
2026-09-17 21:04:31,393 | INFO     | httpx | HTTP Request: POST https://api.mistral.ai/v1/chat/completions "HTTP/1.1 200 OK"
2026-09-17 21:04:37,829 | INFO     | httpx | HTTP Request: POST https://api.mistral.ai/v1/chat/completions "HTTP/1.1 200 OK"
2026-09-17 21:04:53,579 | INFO     | httpx | HTTP Request: POST https://api.mistral.ai/v1/embeddings "HTTP/1.1 200 OK"
2026-09-17 21:04:55,318 | INFO     | httpx | HTTP Request: POST https://api.mistral.ai/v1/embeddings "HTTP/1.1 200 OK"
2026-09-17 21:04:56,848 | INFO     | httpx | HTTP Request: POST https://api.mistral.ai/v1/chat/completions "HTTP/1.1 200 OK"
2026-09-17 21:04:56,851 | INFO     | httpx | HTTP Request: POST https://api.mistral.ai/v1/chat/completions "HTTP/1.1 200 OK"
2026-09-17 21:05:24,087 | INFO     | httpx | HTTP Request: POST https://api.mistral.ai/v1/chat/completions "HTTP/1.1 200 OK"
2026-09-17 21:05:28,488 | INFO     | httpx | HTTP Request: POST https://api.mistral.ai/v1/chat/completions "HTTP/1.1 200 OK"
2026-09-17 21:05:33,099 | INFO     | httpx | HTTP Request: POST https://api.mistral.ai/v1/chat/completions "HTTP/1.1 200 OK"
2026-09-17 21:05:38,015 | INFO     | phoenix_rag.evaluator | Evaluation scores: {'faithfulness': 0.9761069340016708, 'context_recall': 0.9444444444444444, 'context_precision': 0.8399999999728296, 'response_relevancy': 0.9562199496045226}
2026-09-17 21:05:46,616 | INFO     | httpx | HTTP Request: POST https://api.mistral.ai/v1/chat/completions "HTTP/1.1 200 OK"
2026-09-17 21:05:46,621 | INFO     | phoenix_rag.llm_optimizer | LLM optimizer proposed: {'chunk_size': 800, 'chunk_overlap': 120, 'top_k': 8, 'similarity_threshold': 0.4, 'retriever_type': 'similarity_score_threshold', 'prompt_template': "You are an expert on organizational behavior and the Abilene Paradox, tasked with answering questions using **only** the provided context. Your role is to identify and synthesize information that directly addresses the question, ensuring the answer is grounded in the retrieved material.\n\n**Strict Answering Rules:**\n1. **Context Completeness:** If the question requires reasoning across multiple sentences (e.g., comparisons, causal chains, or multi-step explanations), verify that the retrieved context contains the **entire argument or definition**. If the context is fragmented (e.g., a symptom description split across chunks), explicitly state that the answer may be incomplete and suggest retrieving additional context.\n2. **Precision Grounding:** Do not include information not directly supported by the context. If the context contains irrelevant or misleading material, ignore it and focus solely on the relevant portions.\n3. **Explicit Disclaimers:** If the context lacks sufficient information to answer the question definitively, respond with: *'The provided context does not contain enough information to answer this question accurately.'*\n4. **Question Focus:** Ensure the answer directly addresses the question without padding or tangential discussion. If the question asks for a specific example, case study, or psychological mechanism, cite the exact section(s) of the context that support the answer.\n\n**Context:**\n{context}\n\n**Question:**\n{question}\n\n**Answer:**"} | llm_optimizer[prompt_template_updated]: The document is **prose-heavy and argumentative** (doc_type=paper, median_chars_per_page=4353, chars_per_section~3731), requiring **larger chunks** to preserve multi-sentence reasoning units (e.g., symptoms of the Abilene Paradox, case studies, or psychological explanations). Iteration 1 (chunk_size=1200) showed **high context_recall (0.944)** but **low context_precision (0.873)**, suggesting larger chunks may include noise or irrelevant material. To address this, we **reduce chunk_size to 800** (21% of chars_per_section) to better isolate relevant reasoning units while maintaining continuity (overlap=120, 15%). We also **switch to similarity_score_threshold (0.4)** and **increase top_k to 8** to balance recall (capturing fragmented but relevant material) and precision (filtering out low-relevance chunks). The updated prompt enforces stricter grounding and explicit disclaimers for fragmented or incomplete context, addressing both faithfulness and response_relevancy. This is a **precision-focused trial** (prioritizing context_precision and faithfulness) while maintaining recall via thresholded retrieval.
2026-09-17 21:05:46,623 | INFO     | phoenix_rag.runner | === Iteration 3/5 ===
2026-09-17 21:05:46,624 | INFO     | phoenix_rag.runner | Vector store needed for chunk_size=800, chunk_overlap=120
2026-09-17 21:05:46,625 | INFO     | phoenix_rag.corpus | Building a new index variant (chunk_size=800, overlap=120) over 1 document(s)
2026-09-17 21:05:46,625 | INFO     | phoenix_rag.document_loader | Loading document Harvey_Abilene_Paradox.pdf (.pdf)
2026-09-17 21:05:48,068 | INFO     | phoenix_rag.document_loader | Loaded 12 page(s)/section(s) from Harvey_Abilene_Paradox.pdf
2026-09-17 21:05:48,079 | INFO     | phoenix_rag.chunking | Split 12 document(s) into 78 chunks (chunk_size=800, overlap=120)
2026-09-17 21:05:48,080 | INFO     | phoenix_rag.vector_store | Building FAISS index from 78 chunks
2026-09-17 21:05:49,183 | INFO     | httpx | HTTP Request: POST https://api.mistral.ai/v1/embeddings "HTTP/1.1 200 OK"
2026-09-17 21:05:50,607 | INFO     | httpx | HTTP Request: POST https://api.mistral.ai/v1/embeddings "HTTP/1.1 200 OK"
2026-09-17 21:05:51,630 | INFO     | httpx | HTTP Request: POST https://api.mistral.ai/v1/embeddings "HTTP/1.1 200 OK"
2026-09-17 21:05:51,682 | INFO     | phoenix_rag.vector_store | Saved FAISS index to /home/yared/workspace/phoenix-rag-experiments/data/corpus/indexes/dca7940aae821d28bd58
2026-09-17 21:05:51,693 | INFO     | phoenix_rag.corpus | sync_index: built a new index (78 vectors) over 1 document(s): Harvey_Abilene_Paradox
2026-09-17 21:05:51,694 | INFO     | phoenix_rag.rag_pipeline | Answering question 1/9
2026-09-17 21:05:52,271 | INFO     | httpx | HTTP Request: POST https://api.mistral.ai/v1/embeddings "HTTP/1.1 200 OK"
2026-09-17 21:06:02,690 | INFO     | httpx | HTTP Request: POST https://api.mistral.ai/v1/chat/completions "HTTP/1.1 200 OK"
2026-09-17 21:06:02,695 | INFO     | phoenix_rag.rag_pipeline | Answering question 2/9
2026-09-17 21:06:03,431 | INFO     | httpx | HTTP Request: POST https://api.mistral.ai/v1/embeddings "HTTP/1.1 200 OK"
2026-09-17 21:06:06,403 | INFO     | httpx | HTTP Request: POST https://api.mistral.ai/v1/chat/completions "HTTP/1.1 200 OK"
2026-09-17 21:06:06,407 | INFO     | phoenix_rag.rag_pipeline | Answering question 3/9
2026-09-17 21:06:06,724 | INFO     | httpx | HTTP Request: POST https://api.mistral.ai/v1/embeddings "HTTP/1.1 200 OK"
2026-09-17 21:06:14,671 | INFO     | httpx | HTTP Request: POST https://api.mistral.ai/v1/chat/completions "HTTP/1.1 200 OK"
2026-09-17 21:06:14,676 | INFO     | phoenix_rag.rag_pipeline | Answering question 4/9
2026-09-17 21:06:15,100 | INFO     | httpx | HTTP Request: POST https://api.mistral.ai/v1/embeddings "HTTP/1.1 200 OK"
2026-09-17 21:06:22,045 | INFO     | httpx | HTTP Request: POST https://api.mistral.ai/v1/chat/completions "HTTP/1.1 200 OK"
2026-09-17 21:06:22,052 | INFO     | phoenix_rag.rag_pipeline | Answering question 5/9
2026-09-17 21:06:22,776 | INFO     | httpx | HTTP Request: POST https://api.mistral.ai/v1/embeddings "HTTP/1.1 200 OK"
2026-09-17 21:06:27,165 | INFO     | httpx | HTTP Request: POST https://api.mistral.ai/v1/chat/completions "HTTP/1.1 200 OK"
2026-09-17 21:06:27,169 | INFO     | phoenix_rag.rag_pipeline | Answering question 6/9
2026-09-17 21:06:27,674 | INFO     | httpx | HTTP Request: POST https://api.mistral.ai/v1/embeddings "HTTP/1.1 200 OK"
2026-09-17 21:06:31,668 | INFO     | httpx | HTTP Request: POST https://api.mistral.ai/v1/chat/completions "HTTP/1.1 200 OK"
2026-09-17 21:06:31,672 | INFO     | phoenix_rag.rag_pipeline | Answering question 7/9
2026-09-17 21:06:32,181 | INFO     | httpx | HTTP Request: POST https://api.mistral.ai/v1/embeddings "HTTP/1.1 200 OK"
2026-09-17 21:06:38,225 | INFO     | httpx | HTTP Request: POST https://api.mistral.ai/v1/chat/completions "HTTP/1.1 200 OK"
2026-09-17 21:06:38,230 | INFO     | phoenix_rag.rag_pipeline | Answering question 8/9
2026-09-17 21:06:38,741 | INFO     | httpx | HTTP Request: POST https://api.mistral.ai/v1/embeddings "HTTP/1.1 200 OK"
2026-09-17 21:06:41,501 | INFO     | httpx | HTTP Request: POST https://api.mistral.ai/v1/chat/completions "HTTP/1.1 200 OK"
2026-09-17 21:06:41,508 | INFO     | phoenix_rag.rag_pipeline | Answering question 9/9
2026-09-17 21:06:41,908 | INFO     | httpx | HTTP Request: POST https://api.mistral.ai/v1/embeddings "HTTP/1.1 200 OK"
2026-09-17 21:06:57,579 | INFO     | httpx | HTTP Request: POST https://api.mistral.ai/v1/chat/completions "HTTP/1.1 200 OK"
2026-09-17 21:06:57,613 | INFO     | phoenix_rag.evaluator | Running Ragas evaluation over 9 samples (max_workers=3)
2026-09-17 21:07:01,467 | INFO     | httpx | HTTP Request: POST https://api.mistral.ai/v1/chat/completions "HTTP/1.1 200 OK"
2026-09-17 21:07:03,931 | INFO     | httpx | HTTP Request: POST https://api.mistral.ai/v1/chat/completions "HTTP/1.1 200 OK"
2026-09-17 21:07:06,490 | INFO     | httpx | HTTP Request: POST https://api.mistral.ai/v1/chat/completions "HTTP/1.1 200 OK"
2026-09-17 21:07:09,966 | INFO     | httpx | HTTP Request: POST https://api.mistral.ai/v1/chat/completions "HTTP/1.1 200 OK"
2026-09-17 21:07:12,533 | INFO     | httpx | HTTP Request: POST https://api.mistral.ai/v1/chat/completions "HTTP/1.1 200 OK"
2026-09-17 21:07:15,506 | INFO     | httpx | HTTP Request: POST https://api.mistral.ai/v1/embeddings "HTTP/1.1 200 OK"
2026-09-17 21:07:17,237 | INFO     | httpx | HTTP Request: POST https://api.mistral.ai/v1/embeddings "HTTP/1.1 200 OK"
2026-09-17 21:07:20,517 | INFO     | httpx | HTTP Request: POST https://api.mistral.ai/v1/chat/completions "HTTP/1.1 200 OK"
2026-09-17 21:07:22,974 | INFO     | httpx | HTTP Request: POST https://api.mistral.ai/v1/chat/completions "HTTP/1.1 200 OK"
2026-09-17 21:07:27,785 | INFO     | httpx | HTTP Request: POST https://api.mistral.ai/v1/chat/completions "HTTP/1.1 200 OK"
2026-09-17 21:07:47,451 | INFO     | httpx | HTTP Request: POST https://api.mistral.ai/v1/chat/completions "HTTP/1.1 200 OK"
2026-09-17 21:07:47,454 | INFO     | httpx | HTTP Request: POST https://api.mistral.ai/v1/chat/completions "HTTP/1.1 200 OK"
2026-09-17 21:07:52,310 | INFO     | httpx | HTTP Request: POST https://api.mistral.ai/v1/chat/completions "HTTP/1.1 200 OK"
2026-09-17 21:07:56,354 | INFO     | httpx | HTTP Request: POST https://api.mistral.ai/v1/chat/completions "HTTP/1.1 200 OK"
2026-09-17 21:07:58,867 | INFO     | httpx | HTTP Request: POST https://api.mistral.ai/v1/chat/completions "HTTP/1.1 200 OK"
2026-09-17 21:08:01,377 | INFO     | httpx | HTTP Request: POST https://api.mistral.ai/v1/chat/completions "HTTP/1.1 200 OK"
2026-09-17 21:08:04,655 | INFO     | httpx | HTTP Request: POST https://api.mistral.ai/v1/chat/completions "HTTP/1.1 200 OK"
2026-09-17 21:08:07,211 | INFO     | httpx | HTTP Request: POST https://api.mistral.ai/v1/chat/completions "HTTP/1.1 200 OK"
2026-09-17 21:08:07,214 | INFO     | httpx | HTTP Request: POST https://api.mistral.ai/v1/chat/completions "HTTP/1.1 200 OK"
2026-09-17 21:08:12,889 | INFO     | httpx | HTTP Request: POST https://api.mistral.ai/v1/embeddings "HTTP/1.1 200 OK"
2026-09-17 21:08:14,481 | INFO     | httpx | HTTP Request: POST https://api.mistral.ai/v1/embeddings "HTTP/1.1 200 OK"
2026-09-17 21:08:15,920 | INFO     | httpx | HTTP Request: POST https://api.mistral.ai/v1/chat/completions "HTTP/1.1 200 OK"
2026-09-17 21:08:18,893 | INFO     | httpx | HTTP Request: POST https://api.mistral.ai/v1/chat/completions "HTTP/1.1 200 OK"
2026-09-17 21:08:23,974 | INFO     | httpx | HTTP Request: POST https://api.mistral.ai/v1/chat/completions "HTTP/1.1 200 OK"
2026-09-17 21:08:26,673 | INFO     | httpx | HTTP Request: POST https://api.mistral.ai/v1/chat/completions "HTTP/1.1 200 OK"
2026-09-17 21:08:31,164 | INFO     | httpx | HTTP Request: POST https://api.mistral.ai/v1/chat/completions "HTTP/1.1 200 OK"
2026-09-17 21:08:33,947 | INFO     | httpx | HTTP Request: POST https://api.mistral.ai/v1/chat/completions "HTTP/1.1 200 OK"
2026-09-17 21:08:33,952 | INFO     | httpx | HTTP Request: POST https://api.mistral.ai/v1/chat/completions "HTTP/1.1 200 OK"
2026-09-17 21:08:41,412 | INFO     | httpx | HTTP Request: POST https://api.mistral.ai/v1/chat/completions "HTTP/1.1 200 OK"
2026-09-17 21:08:43,874 | INFO     | httpx | HTTP Request: POST https://api.mistral.ai/v1/chat/completions "HTTP/1.1 200 OK"
2026-09-17 21:08:48,892 | INFO     | httpx | HTTP Request: POST https://api.mistral.ai/v1/chat/completions "HTTP/1.1 200 OK"
2026-09-17 21:08:51,245 | INFO     | httpx | HTTP Request: POST https://api.mistral.ai/v1/chat/completions "HTTP/1.1 200 OK"
2026-09-17 21:08:55,649 | INFO     | httpx | HTTP Request: POST https://api.mistral.ai/v1/chat/completions "HTTP/1.1 200 OK"
2026-09-17 21:08:58,228 | INFO     | httpx | HTTP Request: POST https://api.mistral.ai/v1/chat/completions "HTTP/1.1 200 OK"
2026-09-17 21:09:01,023 | INFO     | httpx | HTTP Request: POST https://api.mistral.ai/v1/chat/completions "HTTP/1.1 200 OK"
2026-09-17 21:09:01,032 | INFO     | httpx | HTTP Request: POST https://api.mistral.ai/v1/chat/completions "HTTP/1.1 200 OK"
2026-09-17 21:09:09,384 | INFO     | httpx | HTTP Request: POST https://api.mistral.ai/v1/chat/completions "HTTP/1.1 200 OK"
2026-09-17 21:09:38,512 | INFO     | httpx | HTTP Request: POST https://api.mistral.ai/v1/embeddings "HTTP/1.1 200 OK"
2026-09-17 21:10:03,146 | INFO     | httpx | HTTP Request: POST https://api.mistral.ai/v1/embeddings "HTTP/1.1 200 OK"
2026-09-17 21:10:06,169 | INFO     | httpx | HTTP Request: POST https://api.mistral.ai/v1/chat/completions "HTTP/1.1 200 OK"
2026-09-17 21:10:06,181 | INFO     | httpx | HTTP Request: POST https://api.mistral.ai/v1/chat/completions "HTTP/1.1 200 OK"
2026-09-17 21:10:14,456 | INFO     | httpx | HTTP Request: POST https://api.mistral.ai/v1/chat/completions "HTTP/1.1 200 OK"
2026-09-17 21:10:18,894 | INFO     | httpx | HTTP Request: POST https://api.mistral.ai/v1/chat/completions "HTTP/1.1 200 OK"
2026-09-17 21:10:24,551 | INFO     | httpx | HTTP Request: POST https://api.mistral.ai/v1/chat/completions "HTTP/1.1 200 OK"
2026-09-17 21:10:28,679 | INFO     | httpx | HTTP Request: POST https://api.mistral.ai/v1/chat/completions "HTTP/1.1 200 OK"
2026-09-17 21:10:32,227 | INFO     | httpx | HTTP Request: POST https://api.mistral.ai/v1/chat/completions "HTTP/1.1 200 OK"
2026-09-17 21:10:32,230 | INFO     | httpx | HTTP Request: POST https://api.mistral.ai/v1/chat/completions "HTTP/1.1 200 OK"
2026-09-17 21:10:41,470 | INFO     | httpx | HTTP Request: POST https://api.mistral.ai/v1/chat/completions "HTTP/1.1 200 OK"
2026-09-17 21:10:45,330 | INFO     | httpx | HTTP Request: POST https://api.mistral.ai/v1/embeddings "HTTP/1.1 200 OK"
2026-09-17 21:10:46,851 | INFO     | httpx | HTTP Request: POST https://api.mistral.ai/v1/embeddings "HTTP/1.1 200 OK"
2026-09-17 21:10:52,321 | INFO     | httpx | HTTP Request: POST https://api.mistral.ai/v1/chat/completions "HTTP/1.1 200 OK"
2026-09-17 21:10:52,326 | INFO     | httpx | HTTP Request: POST https://api.mistral.ai/v1/chat/completions "HTTP/1.1 200 OK"
2026-09-17 21:11:28,986 | INFO     | httpx | HTTP Request: POST https://api.mistral.ai/v1/chat/completions "HTTP/1.1 200 OK"
2026-09-17 21:11:58,934 | INFO     | httpx | HTTP Request: POST https://api.mistral.ai/v1/chat/completions "HTTP/1.1 200 OK"
2026-09-17 21:11:58,938 | INFO     | httpx | HTTP Request: POST https://api.mistral.ai/v1/chat/completions "HTTP/1.1 200 OK"
2026-09-17 21:12:11,417 | INFO     | httpx | HTTP Request: POST https://api.mistral.ai/v1/chat/completions "HTTP/1.1 200 OK"
2026-09-17 21:12:11,421 | INFO     | httpx | HTTP Request: POST https://api.mistral.ai/v1/chat/completions "HTTP/1.1 200 OK"
2026-09-17 21:12:15,132 | INFO     | httpx | HTTP Request: POST https://api.mistral.ai/v1/embeddings "HTTP/1.1 200 OK"
2026-09-17 21:12:17,587 | INFO     | httpx | HTTP Request: POST https://api.mistral.ai/v1/embeddings "HTTP/1.1 200 OK"
2026-09-17 21:12:35,280 | INFO     | httpx | HTTP Request: POST https://api.mistral.ai/v1/chat/completions "HTTP/1.1 200 OK"
2026-09-17 21:12:37,965 | INFO     | httpx | HTTP Request: POST https://api.mistral.ai/v1/chat/completions "HTTP/1.1 200 OK"
2026-09-17 21:12:43,593 | INFO     | httpx | HTTP Request: POST https://api.mistral.ai/v1/chat/completions "HTTP/1.1 200 OK"
2026-09-17 21:12:46,571 | INFO     | httpx | HTTP Request: POST https://api.mistral.ai/v1/chat/completions "HTTP/1.1 200 OK"
2026-09-17 21:12:46,574 | INFO     | httpx | HTTP Request: POST https://api.mistral.ai/v1/chat/completions "HTTP/1.1 200 OK"
2026-09-17 21:12:54,163 | INFO     | httpx | HTTP Request: POST https://api.mistral.ai/v1/chat/completions "HTTP/1.1 200 OK"
2026-09-17 21:12:57,623 | INFO     | httpx | HTTP Request: POST https://api.mistral.ai/v1/chat/completions "HTTP/1.1 200 OK"
2026-09-17 21:13:02,342 | INFO     | httpx | HTTP Request: POST https://api.mistral.ai/v1/chat/completions "HTTP/1.1 200 OK"
2026-09-17 21:13:04,899 | INFO     | httpx | HTTP Request: POST https://api.mistral.ai/v1/chat/completions "HTTP/1.1 200 OK"
2026-09-17 21:13:07,662 | INFO     | httpx | HTTP Request: POST https://api.mistral.ai/v1/chat/completions "HTTP/1.1 200 OK"
2026-09-17 21:13:10,734 | INFO     | httpx | HTTP Request: POST https://api.mistral.ai/v1/chat/completions "HTTP/1.1 200 OK"
2026-09-17 21:13:13,396 | INFO     | httpx | HTTP Request: POST https://api.mistral.ai/v1/chat/completions "HTTP/1.1 200 OK"
2026-09-17 21:13:15,962 | INFO     | httpx | HTTP Request: POST https://api.mistral.ai/v1/chat/completions "HTTP/1.1 200 OK"
2026-09-17 21:13:19,128 | INFO     | httpx | HTTP Request: POST https://api.mistral.ai/v1/embeddings "HTTP/1.1 200 OK"
2026-09-17 21:13:20,968 | INFO     | httpx | HTTP Request: POST https://api.mistral.ai/v1/embeddings "HTTP/1.1 200 OK"
2026-09-17 21:13:22,300 | INFO     | httpx | HTTP Request: POST https://api.mistral.ai/v1/chat/completions "HTTP/1.1 200 OK"
2026-09-17 21:13:25,591 | INFO     | httpx | HTTP Request: POST https://api.mistral.ai/v1/chat/completions "HTTP/1.1 200 OK"
2026-09-17 21:13:28,264 | INFO     | httpx | HTTP Request: POST https://api.mistral.ai/v1/chat/completions "HTTP/1.1 200 OK"
2026-09-17 21:13:30,702 | INFO     | httpx | HTTP Request: POST https://api.mistral.ai/v1/chat/completions "HTTP/1.1 200 OK"
2026-09-17 21:13:33,221 | INFO     | httpx | HTTP Request: POST https://api.mistral.ai/v1/chat/completions "HTTP/1.1 200 OK"
2026-09-17 21:13:35,822 | INFO     | httpx | HTTP Request: POST https://api.mistral.ai/v1/chat/completions "HTTP/1.1 200 OK"
2026-09-17 21:13:38,498 | INFO     | httpx | HTTP Request: POST https://api.mistral.ai/v1/chat/completions "HTTP/1.1 200 OK"
2026-09-17 21:13:42,474 | INFO     | httpx | HTTP Request: POST https://api.mistral.ai/v1/chat/completions "HTTP/1.1 200 OK"
2026-09-17 21:13:45,036 | INFO     | httpx | HTTP Request: POST https://api.mistral.ai/v1/chat/completions "HTTP/1.1 200 OK"
2026-09-17 21:13:49,236 | INFO     | httpx | HTTP Request: POST https://api.mistral.ai/v1/chat/completions "HTTP/1.1 200 OK"
2026-09-17 21:13:52,102 | INFO     | httpx | HTTP Request: POST https://api.mistral.ai/v1/chat/completions "HTTP/1.1 200 OK"
2026-09-17 21:13:54,971 | INFO     | httpx | HTTP Request: POST https://api.mistral.ai/v1/chat/completions "HTTP/1.1 200 OK"
2026-09-17 21:13:57,648 | INFO     | httpx | HTTP Request: POST https://api.mistral.ai/v1/chat/completions "HTTP/1.1 200 OK"
2026-09-17 21:13:57,650 | INFO     | httpx | HTTP Request: POST https://api.mistral.ai/v1/chat/completions "HTTP/1.1 200 OK"
2026-09-17 21:14:14,422 | INFO     | httpx | HTTP Request: POST https://api.mistral.ai/v1/chat/completions "HTTP/1.1 200 OK"
2026-09-17 21:14:16,678 | INFO     | httpx | HTTP Request: POST https://api.mistral.ai/v1/chat/completions "HTTP/1.1 200 OK"
2026-09-17 21:14:16,681 | INFO     | httpx | HTTP Request: POST https://api.mistral.ai/v1/chat/completions "HTTP/1.1 200 OK"
2026-09-17 21:14:20,362 | INFO     | httpx | HTTP Request: POST https://api.mistral.ai/v1/embeddings "HTTP/1.1 200 OK"
2026-09-17 21:14:21,999 | INFO     | httpx | HTTP Request: POST https://api.mistral.ai/v1/embeddings "HTTP/1.1 200 OK"
2026-09-17 21:14:27,471 | INFO     | httpx | HTTP Request: POST https://api.mistral.ai/v1/chat/completions "HTTP/1.1 200 OK"
2026-09-17 21:14:30,300 | INFO     | httpx | HTTP Request: POST https://api.mistral.ai/v1/chat/completions "HTTP/1.1 200 OK"
2026-09-17 21:14:30,304 | INFO     | httpx | HTTP Request: POST https://api.mistral.ai/v1/chat/completions "HTTP/1.1 200 OK"
2026-09-17 21:14:59,786 | INFO     | httpx | HTTP Request: POST https://api.mistral.ai/v1/chat/completions "HTTP/1.1 200 OK"
2026-09-17 21:15:12,591 | INFO     | httpx | HTTP Request: POST https://api.mistral.ai/v1/chat/completions "HTTP/1.1 200 OK"
2026-09-17 21:15:12,594 | INFO     | httpx | HTTP Request: POST https://api.mistral.ai/v1/chat/completions "HTTP/1.1 200 OK"
2026-09-17 21:15:17,914 | INFO     | httpx | HTTP Request: POST https://api.mistral.ai/v1/chat/completions "HTTP/1.1 200 OK"
2026-09-17 21:15:20,373 | INFO     | httpx | HTTP Request: POST https://api.mistral.ai/v1/chat/completions "HTTP/1.1 200 OK"
2026-09-17 21:15:23,134 | INFO     | httpx | HTTP Request: POST https://api.mistral.ai/v1/embeddings "HTTP/1.1 200 OK"
2026-09-17 21:15:24,670 | INFO     | httpx | HTTP Request: POST https://api.mistral.ai/v1/embeddings "HTTP/1.1 200 OK"
2026-09-17 21:15:27,537 | INFO     | httpx | HTTP Request: POST https://api.mistral.ai/v1/chat/completions "HTTP/1.1 200 OK"
2026-09-17 21:15:29,999 | INFO     | httpx | HTTP Request: POST https://api.mistral.ai/v1/chat/completions "HTTP/1.1 200 OK"
2026-09-17 21:15:30,004 | INFO     | httpx | HTTP Request: POST https://api.mistral.ai/v1/chat/completions "HTTP/1.1 200 OK"
2026-09-17 21:15:35,937 | INFO     | httpx | HTTP Request: POST https://api.mistral.ai/v1/chat/completions "HTTP/1.1 200 OK"
2026-09-17 21:15:38,401 | INFO     | httpx | HTTP Request: POST https://api.mistral.ai/v1/chat/completions "HTTP/1.1 200 OK"
2026-09-17 21:15:42,897 | INFO     | httpx | HTTP Request: POST https://api.mistral.ai/v1/chat/completions "HTTP/1.1 200 OK"
2026-09-17 21:15:42,902 | INFO     | httpx | HTTP Request: POST https://api.mistral.ai/v1/chat/completions "HTTP/1.1 200 OK"
2026-09-17 21:15:47,517 | INFO     | httpx | HTTP Request: POST https://api.mistral.ai/v1/chat/completions "HTTP/1.1 200 OK"
2026-09-17 21:15:52,019 | INFO     | httpx | HTTP Request: POST https://api.mistral.ai/v1/chat/completions "HTTP/1.1 200 OK"
2026-09-17 21:15:54,578 | INFO     | httpx | HTTP Request: POST https://api.mistral.ai/v1/chat/completions "HTTP/1.1 200 OK"
2026-09-17 21:15:59,692 | INFO     | httpx | HTTP Request: POST https://api.mistral.ai/v1/chat/completions "HTTP/1.1 200 OK"
2026-09-17 21:16:08,810 | INFO     | httpx | HTTP Request: POST https://api.mistral.ai/v1/chat/completions "HTTP/1.1 200 OK"
2026-09-17 21:16:12,711 | INFO     | httpx | HTTP Request: POST https://api.mistral.ai/v1/chat/completions "HTTP/1.1 200 OK"
2026-09-17 21:16:22,317 | INFO     | httpx | HTTP Request: POST https://api.mistral.ai/v1/embeddings "HTTP/1.1 200 OK"
2026-09-17 21:16:23,961 | INFO     | httpx | HTTP Request: POST https://api.mistral.ai/v1/embeddings "HTTP/1.1 200 OK"
2026-09-17 21:16:31,341 | INFO     | httpx | HTTP Request: POST https://api.mistral.ai/v1/chat/completions "HTTP/1.1 200 OK"
2026-09-17 21:16:35,635 | INFO     | httpx | HTTP Request: POST https://api.mistral.ai/v1/chat/completions "HTTP/1.1 200 OK"
2026-09-17 21:16:38,100 | INFO     | httpx | HTTP Request: POST https://api.mistral.ai/v1/chat/completions "HTTP/1.1 200 OK"
2026-09-17 21:16:42,189 | INFO     | httpx | HTTP Request: POST https://api.mistral.ai/v1/chat/completions "HTTP/1.1 200 OK"
2026-09-17 21:16:48,955 | INFO     | httpx | HTTP Request: POST https://api.mistral.ai/v1/chat/completions "HTTP/1.1 200 OK"
2026-09-17 21:16:51,413 | INFO     | httpx | HTTP Request: POST https://api.mistral.ai/v1/chat/completions "HTTP/1.1 200 OK"
2026-09-17 21:17:09,527 | INFO     | httpx | HTTP Request: POST https://api.mistral.ai/v1/chat/completions "HTTP/1.1 200 OK"
2026-09-17 21:17:41,807 | INFO     | httpx | HTTP Request: POST https://api.mistral.ai/v1/chat/completions "HTTP/1.1 200 OK"
2026-09-17 21:18:35,072 | INFO     | phoenix_rag.evaluator | Evaluation scores: {'faithfulness': 0.9518211793574112, 'context_recall': 0.9444444444444444, 'context_precision': 0.8099735449515961, 'response_relevancy': 0.9580328099757399}
2026-09-17 21:18:46,713 | INFO     | httpx | HTTP Request: POST https://api.mistral.ai/v1/chat/completions "HTTP/1.1 200 OK"
2026-09-17 21:18:46,718 | INFO     | phoenix_rag.llm_optimizer | LLM optimizer proposed: {'chunk_size': 1500, 'chunk_overlap': 225, 'top_k': 5, 'similarity_threshold': 0.1, 'retriever_type': 'similarity', 'prompt_template': "You are an expert on the Abilene Paradox and organizational behavior, tasked with answering questions **exclusively** based on the provided context. Your role is to identify and synthesize information that directly addresses the question, ensuring the answer is grounded in the retrieved material and avoids hallucinations or unsupported claims.\n\n**Strict Answering Rules:**\n1. **Complete Reasoning Units:** If the question requires reasoning across multiple sentences (e.g., comparisons, causal chains, or multi-step explanations), verify that the retrieved context contains the **entire argument or definition**. If the context is fragmented (e.g., a symptom description split across chunks), explicitly state that the answer may be incomplete and suggest retrieving additional context.\n2. **Precision Grounding:** Do not include information not directly supported by the context. If the context contains irrelevant or misleading material, ignore it and focus solely on the relevant portions.\n3. **Explicit Disclaimers:** If the context lacks sufficient information to answer the question definitively, respond with: *'The provided context does not contain enough information to answer this question accurately.'*\n4. **Question Focus:** Ensure the answer directly addresses the question without padding or tangential discussion. If the question asks for a specific example, case study, or psychological mechanism, cite the exact section(s) of the context that support the answer.\n5. **Case Study and Symptom Emphasis:** For questions about the Abilene Paradox's symptoms, case studies (e.g., Ozyx Corporation, Watergate), or psychological underpinnings (e.g., action anxiety, separation anxiety), ensure the answer includes **all relevant details** from the context. If the context is split across chunks, retrieve additional context until the full explanation is present.\n\n**Context:**\n{context}\n\n**Question:**\n{question}\n\n**Answer:**"} | llm_optimizer[prompt_template_updated]: The document is **prose-heavy and argumentative** (doc_type=paper, median_chars_per_page=4353, chars_per_section~3731), requiring **larger chunks** to preserve multi-sentence reasoning units (e.g., symptoms of the Abilene Paradox, case studies, or psychological explanations). Iteration 2 (chunk_size=1000) showed **high faithfulness (0.976) and response_relevancy (0.956)**, but **low context_precision (0.840)** and **unchanged recall (0.944)**, suggesting that smaller chunks may still fragment critical reasoning units (e.g., case studies or symptom descriptions) while introducing noise. To address this, we **increase chunk_size to 1500 (40% of chars_per_section)** to ensure complete reasoning units (e.g., full case studies or symptom explanations) fit within a single chunk, reducing fragmentation. Overlap is set to 225 (15%) to preserve continuity. We **reduce top_k to 5** and **switch to similarity retrieval (no threshold)** to prioritize precision by retrieving fewer, higher-quality chunks, while still capturing relevant material. The updated prompt emphasizes **case study and symptom completeness** and enforces stricter grounding, addressing both context_precision and faithfulness. This is a **recall-focused trial** (prioritizing context_recall and faithfulness) while balancing precision via larger chunks and reduced top_k.
2026-09-17 21:18:46,720 | INFO     | phoenix_rag.runner | === Iteration 4/5 ===
2026-09-17 21:18:46,721 | INFO     | phoenix_rag.runner | Vector store needed for chunk_size=1500, chunk_overlap=225
2026-09-17 21:18:46,722 | INFO     | phoenix_rag.corpus | Building a new index variant (chunk_size=1500, overlap=225) over 1 document(s)
2026-09-17 21:18:46,722 | INFO     | phoenix_rag.document_loader | Loading document Harvey_Abilene_Paradox.pdf (.pdf)
2026-09-17 21:18:48,398 | INFO     | phoenix_rag.document_loader | Loaded 12 page(s)/section(s) from Harvey_Abilene_Paradox.pdf
2026-09-17 21:18:48,407 | INFO     | phoenix_rag.chunking | Split 12 document(s) into 44 chunks (chunk_size=1500, overlap=225)
2026-09-17 21:18:48,407 | INFO     | phoenix_rag.vector_store | Building FAISS index from 44 chunks
2026-09-17 21:18:51,115 | INFO     | httpx | HTTP Request: POST https://api.mistral.ai/v1/embeddings "HTTP/1.1 200 OK"
2026-09-17 21:19:31,280 | INFO     | httpx | HTTP Request: POST https://api.mistral.ai/v1/embeddings "HTTP/1.1 200 OK"
2026-09-17 21:19:45,510 | INFO     | phoenix_rag.vector_store | Saved FAISS index to /home/yared/workspace/phoenix-rag-experiments/data/corpus/indexes/eb1df457c24c7c82ed2b
2026-09-17 21:19:45,518 | INFO     | phoenix_rag.corpus | sync_index: built a new index (44 vectors) over 1 document(s): Harvey_Abilene_Paradox
2026-09-17 21:19:45,520 | INFO     | phoenix_rag.rag_pipeline | Answering question 1/9
2026-09-17 21:19:46,930 | INFO     | httpx | HTTP Request: POST https://api.mistral.ai/v1/embeddings "HTTP/1.1 200 OK"
2026-09-17 21:19:57,573 | INFO     | httpx | HTTP Request: POST https://api.mistral.ai/v1/chat/completions "HTTP/1.1 200 OK"
2026-09-17 21:19:57,578 | INFO     | phoenix_rag.rag_pipeline | Answering question 2/9
2026-09-17 21:19:59,623 | INFO     | httpx | HTTP Request: POST https://api.mistral.ai/v1/embeddings "HTTP/1.1 200 OK"
2026-09-17 21:20:09,555 | INFO     | httpx | HTTP Request: POST https://api.mistral.ai/v1/chat/completions "HTTP/1.1 200 OK"
2026-09-17 21:20:09,560 | INFO     | phoenix_rag.rag_pipeline | Answering question 3/9
2026-09-17 21:20:13,040 | INFO     | httpx | HTTP Request: POST https://api.mistral.ai/v1/embeddings "HTTP/1.1 200 OK"
2026-09-17 21:20:34,263 | INFO     | httpx | HTTP Request: POST https://api.mistral.ai/v1/chat/completions "HTTP/1.1 200 OK"
2026-09-17 21:20:34,268 | INFO     | phoenix_rag.rag_pipeline | Answering question 4/9
2026-09-17 21:20:39,355 | INFO     | httpx | HTTP Request: POST https://api.mistral.ai/v1/embeddings "HTTP/1.1 200 OK"
2026-09-17 21:20:52,670 | INFO     | httpx | HTTP Request: POST https://api.mistral.ai/v1/chat/completions "HTTP/1.1 200 OK"
2026-09-17 21:20:52,674 | INFO     | phoenix_rag.rag_pipeline | Answering question 5/9
2026-09-17 21:20:53,693 | INFO     | httpx | HTTP Request: POST https://api.mistral.ai/v1/embeddings "HTTP/1.1 200 OK"
2026-09-17 21:21:05,178 | INFO     | httpx | HTTP Request: POST https://api.mistral.ai/v1/chat/completions "HTTP/1.1 200 OK"
2026-09-17 21:21:05,182 | INFO     | phoenix_rag.rag_pipeline | Answering question 6/9
2026-09-17 21:21:17,669 | INFO     | httpx | HTTP Request: POST https://api.mistral.ai/v1/embeddings "HTTP/1.1 200 OK"
2026-09-17 21:21:21,344 | INFO     | httpx | HTTP Request: POST https://api.mistral.ai/v1/chat/completions "HTTP/1.1 200 OK"
2026-09-17 21:21:21,752 | INFO     | phoenix_rag.rag_pipeline | Answering question 7/9
2026-09-17 21:21:25,341 | INFO     | httpx | HTTP Request: POST https://api.mistral.ai/v1/embeddings "HTTP/1.1 200 OK"
2026-09-17 21:21:32,192 | INFO     | httpx | HTTP Request: POST https://api.mistral.ai/v1/chat/completions "HTTP/1.1 200 OK"
2026-09-17 21:21:32,196 | INFO     | phoenix_rag.rag_pipeline | Answering question 8/9
2026-09-17 21:21:33,832 | INFO     | httpx | HTTP Request: POST https://api.mistral.ai/v1/embeddings "HTTP/1.1 200 OK"
2026-09-17 21:22:28,107 | INFO     | httpx | HTTP Request: POST https://api.mistral.ai/v1/chat/completions "HTTP/1.1 200 OK"
2026-09-17 21:22:28,111 | INFO     | phoenix_rag.rag_pipeline | Answering question 9/9
2026-09-17 21:22:30,686 | INFO     | httpx | HTTP Request: POST https://api.mistral.ai/v1/embeddings "HTTP/1.1 200 OK"
2026-09-17 21:23:29,042 | INFO     | httpx | HTTP Request: POST https://api.mistral.ai/v1/chat/completions "HTTP/1.1 200 OK"
2026-09-17 21:23:29,087 | INFO     | phoenix_rag.evaluator | Running Ragas evaluation over 9 samples (max_workers=3)
2026-09-17 21:23:37,740 | INFO     | httpx | HTTP Request: POST https://api.mistral.ai/v1/chat/completions "HTTP/1.1 200 OK"
2026-09-17 21:23:53,408 | INFO     | httpx | HTTP Request: POST https://api.mistral.ai/v1/chat/completions "HTTP/1.1 200 OK"
2026-09-17 21:23:53,411 | INFO     | httpx | HTTP Request: POST https://api.mistral.ai/v1/chat/completions "HTTP/1.1 200 OK"
2026-09-17 21:23:58,733 | INFO     | httpx | HTTP Request: POST https://api.mistral.ai/v1/chat/completions "HTTP/1.1 200 OK"
2026-09-17 21:24:11,848 | INFO     | httpx | HTTP Request: POST https://api.mistral.ai/v1/chat/completions "HTTP/1.1 200 OK"
2026-09-17 21:24:15,762 | INFO     | httpx | HTTP Request: POST https://api.mistral.ai/v1/embeddings "HTTP/1.1 200 OK"
2026-09-17 21:24:27,197 | INFO     | httpx | HTTP Request: POST https://api.mistral.ai/v1/embeddings "HTTP/1.1 200 OK"
2026-09-17 21:24:28,849 | INFO     | httpx | HTTP Request: POST https://api.mistral.ai/v1/chat/completions "HTTP/1.1 200 OK"
2026-09-17 21:24:33,444 | INFO     | httpx | HTTP Request: POST https://api.mistral.ai/v1/chat/completions "HTTP/1.1 200 OK"
2026-09-17 21:24:48,199 | INFO     | httpx | HTTP Request: POST https://api.mistral.ai/v1/chat/completions "HTTP/1.1 200 OK"
2026-09-17 21:24:48,210 | WARNING  | langchain_core.language_models.llms | Retrying langchain_mistralai.chat_models.acompletion_with_retry.<locals>._completion_with_retry in 4 seconds as it raised RemoteProtocolError: Server disconnected without sending a response..
2026-09-17 21:25:01,505 | INFO     | httpx | HTTP Request: POST https://api.mistral.ai/v1/chat/completions "HTTP/1.1 200 OK"
2026-09-17 21:25:06,827 | INFO     | httpx | HTTP Request: POST https://api.mistral.ai/v1/chat/completions "HTTP/1.1 200 OK"
2026-09-17 21:25:12,149 | INFO     | httpx | HTTP Request: POST https://api.mistral.ai/v1/chat/completions "HTTP/1.1 200 OK"
2026-09-17 21:25:15,097 | INFO     | httpx | HTTP Request: POST https://api.mistral.ai/v1/chat/completions "HTTP/1.1 200 OK"
2026-09-17 21:25:20,345 | INFO     | httpx | HTTP Request: POST https://api.mistral.ai/v1/chat/completions "HTTP/1.1 200 OK"
2026-09-17 21:25:23,178 | INFO     | httpx | HTTP Request: POST https://api.mistral.ai/v1/chat/completions "HTTP/1.1 200 OK"
2026-09-17 21:25:31,093 | INFO     | httpx | HTTP Request: POST https://api.mistral.ai/v1/chat/completions "HTTP/1.1 200 OK"
2026-09-17 21:25:34,677 | INFO     | httpx | HTTP Request: POST https://api.mistral.ai/v1/embeddings "HTTP/1.1 200 OK"
2026-09-17 21:25:39,704 | INFO     | httpx | HTTP Request: POST https://api.mistral.ai/v1/embeddings "HTTP/1.1 200 OK"
2026-09-17 21:25:44,735 | INFO     | httpx | HTTP Request: POST https://api.mistral.ai/v1/chat/completions "HTTP/1.1 200 OK"
2026-09-17 21:25:44,740 | INFO     | httpx | HTTP Request: POST https://api.mistral.ai/v1/chat/completions "HTTP/1.1 200 OK"
2026-09-17 21:25:54,880 | INFO     | httpx | HTTP Request: POST https://api.mistral.ai/v1/chat/completions "HTTP/1.1 200 OK"
2026-09-17 21:26:09,707 | INFO     | httpx | HTTP Request: POST https://api.mistral.ai/v1/chat/completions "HTTP/1.1 200 OK"
2026-09-17 21:26:14,824 | INFO     | httpx | HTTP Request: POST https://api.mistral.ai/v1/chat/completions "HTTP/1.1 200 OK"
2026-09-17 21:26:17,178 | INFO     | httpx | HTTP Request: POST https://api.mistral.ai/v1/chat/completions "HTTP/1.1 200 OK"
2026-09-17 21:26:20,247 | INFO     | httpx | HTTP Request: POST https://api.mistral.ai/v1/chat/completions "HTTP/1.1 200 OK"
2026-09-17 21:26:22,812 | INFO     | httpx | HTTP Request: POST https://api.mistral.ai/v1/chat/completions "HTTP/1.1 200 OK"
2026-09-17 21:26:26,647 | INFO     | httpx | HTTP Request: POST https://api.mistral.ai/v1/embeddings "HTTP/1.1 200 OK"
2026-09-17 21:26:41,375 | INFO     | httpx | HTTP Request: POST https://api.mistral.ai/v1/embeddings "HTTP/1.1 200 OK"
2026-09-17 21:26:42,589 | WARNING  | langchain_core.language_models.llms | Retrying langchain_mistralai.chat_models.acompletion_with_retry.<locals>._completion_with_retry in 4 seconds as it raised ConnectError: .
2026-09-17 21:26:44,725 | INFO     | httpx | HTTP Request: POST https://api.mistral.ai/v1/chat/completions "HTTP/1.1 200 OK"
2026-09-17 21:26:47,288 | INFO     | httpx | HTTP Request: POST https://api.mistral.ai/v1/chat/completions "HTTP/1.1 200 OK"
2026-09-17 21:26:50,260 | INFO     | httpx | HTTP Request: POST https://api.mistral.ai/v1/chat/completions "HTTP/1.1 200 OK"
2026-09-17 21:26:55,586 | INFO     | httpx | HTTP Request: POST https://api.mistral.ai/v1/chat/completions "HTTP/1.1 200 OK"
2026-09-17 21:27:02,438 | INFO     | httpx | HTTP Request: POST https://api.mistral.ai/v1/chat/completions "HTTP/1.1 200 OK"
2026-09-17 21:27:07,762 | INFO     | httpx | HTTP Request: POST https://api.mistral.ai/v1/chat/completions "HTTP/1.1 200 OK"
2026-09-17 21:27:12,060 | INFO     | httpx | HTTP Request: POST https://api.mistral.ai/v1/chat/completions "HTTP/1.1 200 OK"
2026-09-17 21:27:21,481 | INFO     | httpx | HTTP Request: POST https://api.mistral.ai/v1/chat/completions "HTTP/1.1 200 OK"
2026-09-17 21:27:25,174 | INFO     | httpx | HTTP Request: POST https://api.mistral.ai/v1/chat/completions "HTTP/1.1 200 OK"
2026-09-17 21:27:29,161 | INFO     | httpx | HTTP Request: POST https://api.mistral.ai/v1/embeddings "HTTP/1.1 200 OK"
2026-09-17 21:28:03,620 | INFO     | httpx | HTTP Request: POST https://api.mistral.ai/v1/embeddings "HTTP/1.1 200 OK"
2026-09-17 21:28:06,958 | INFO     | httpx | HTTP Request: POST https://api.mistral.ai/v1/chat/completions "HTTP/1.1 200 OK"
2026-09-17 21:28:22,922 | INFO     | httpx | HTTP Request: POST https://api.mistral.ai/v1/chat/completions "HTTP/1.1 200 OK"
2026-09-17 21:28:47,603 | INFO     | httpx | HTTP Request: POST https://api.mistral.ai/v1/chat/completions "HTTP/1.1 200 OK"
2026-09-17 21:28:50,167 | INFO     | httpx | HTTP Request: POST https://api.mistral.ai/v1/chat/completions "HTTP/1.1 200 OK"
2026-09-17 21:28:52,942 | WARNING  | langchain_core.language_models.llms | Retrying langchain_mistralai.chat_models.acompletion_with_retry.<locals>._completion_with_retry in 4 seconds as it raised ReadTimeout: .
2026-09-17 21:28:55,281 | INFO     | httpx | HTTP Request: POST https://api.mistral.ai/v1/chat/completions "HTTP/1.1 200 OK"
2026-09-17 21:29:00,811 | INFO     | httpx | HTTP Request: POST https://api.mistral.ai/v1/chat/completions "HTTP/1.1 200 OK"
2026-09-17 21:29:03,360 | INFO     | httpx | HTTP Request: POST https://api.mistral.ai/v1/chat/completions "HTTP/1.1 200 OK"
2026-09-17 21:29:03,367 | INFO     | httpx | HTTP Request: POST https://api.mistral.ai/v1/chat/completions "HTTP/1.1 200 OK"
2026-09-17 21:29:09,309 | INFO     | httpx | HTTP Request: POST https://api.mistral.ai/v1/chat/completions "HTTP/1.1 200 OK"
2026-09-17 21:29:27,275 | INFO     | httpx | HTTP Request: POST https://api.mistral.ai/v1/embeddings "HTTP/1.1 200 OK"
2026-09-17 21:34:27,379 | WARNING  | phoenix_rag.providers.mistral | Mistral call failed (attempt 1/5): The read operation timed out. Retrying in 2.0s
2026-09-17 21:35:16,317 | INFO     | httpx | HTTP Request: POST https://api.mistral.ai/v1/embeddings "HTTP/1.1 200 OK"
2026-09-17 21:35:24,408 | INFO     | httpx | HTTP Request: POST https://api.mistral.ai/v1/embeddings "HTTP/1.1 200 OK"
2026-09-17 21:35:30,146 | ERROR    | ragas.executor | Exception raised in Job[18]: TimeoutError()
2026-09-17 21:35:30,147 | ERROR    | ragas.executor | Exception raised in Job[10]: TimeoutError()
2026-09-17 21:35:34,113 | INFO     | httpx | HTTP Request: POST https://api.mistral.ai/v1/chat/completions "HTTP/1.1 200 OK"
2026-09-17 21:35:36,903 | INFO     | httpx | HTTP Request: POST https://api.mistral.ai/v1/chat/completions "HTTP/1.1 200 OK"
2026-09-17 21:35:39,565 | INFO     | httpx | HTTP Request: POST https://api.mistral.ai/v1/chat/completions "HTTP/1.1 200 OK"
2026-09-17 21:35:48,285 | INFO     | httpx | HTTP Request: POST https://api.mistral.ai/v1/chat/completions "HTTP/1.1 200 OK"
2026-09-17 21:35:57,251 | INFO     | httpx | HTTP Request: POST https://api.mistral.ai/v1/chat/completions "HTTP/1.1 200 OK"
2026-09-17 21:36:00,043 | INFO     | httpx | HTTP Request: POST https://api.mistral.ai/v1/chat/completions "HTTP/1.1 200 OK"
2026-09-17 21:36:07,206 | INFO     | httpx | HTTP Request: POST https://api.mistral.ai/v1/chat/completions "HTTP/1.1 200 OK"
2026-09-17 21:36:09,976 | INFO     | httpx | HTTP Request: POST https://api.mistral.ai/v1/chat/completions "HTTP/1.1 200 OK"
2026-09-17 21:36:09,978 | INFO     | httpx | HTTP Request: POST https://api.mistral.ai/v1/chat/completions "HTTP/1.1 200 OK"
2026-09-17 21:36:14,477 | INFO     | httpx | HTTP Request: POST https://api.mistral.ai/v1/embeddings "HTTP/1.1 200 OK"
2026-09-17 21:36:18,778 | INFO     | httpx | HTTP Request: POST https://api.mistral.ai/v1/embeddings "HTTP/1.1 200 OK"
2026-09-17 21:36:25,126 | INFO     | httpx | HTTP Request: POST https://api.mistral.ai/v1/chat/completions "HTTP/1.1 200 OK"
2026-09-17 21:36:27,802 | INFO     | httpx | HTTP Request: POST https://api.mistral.ai/v1/chat/completions "HTTP/1.1 200 OK"
2026-09-17 21:36:46,330 | INFO     | httpx | HTTP Request: POST https://api.mistral.ai/v1/chat/completions "HTTP/1.1 200 OK"
2026-09-17 21:36:49,006 | INFO     | httpx | HTTP Request: POST https://api.mistral.ai/v1/chat/completions "HTTP/1.1 200 OK"
2026-09-17 21:36:54,721 | INFO     | httpx | HTTP Request: POST https://api.mistral.ai/v1/chat/completions "HTTP/1.1 200 OK"
2026-09-17 21:36:57,388 | INFO     | httpx | HTTP Request: POST https://api.mistral.ai/v1/chat/completions "HTTP/1.1 200 OK"
2026-09-17 21:37:02,291 | INFO     | httpx | HTTP Request: POST https://api.mistral.ai/v1/chat/completions "HTTP/1.1 200 OK"
2026-09-17 21:37:06,906 | INFO     | httpx | HTTP Request: POST https://api.mistral.ai/v1/chat/completions "HTTP/1.1 200 OK"
2026-09-17 21:37:14,377 | INFO     | httpx | HTTP Request: POST https://api.mistral.ai/v1/chat/completions "HTTP/1.1 200 OK"
2026-09-17 21:37:14,380 | INFO     | httpx | HTTP Request: POST https://api.mistral.ai/v1/chat/completions "HTTP/1.1 200 OK"
2026-09-17 21:37:28,620 | INFO     | httpx | HTTP Request: POST https://api.mistral.ai/v1/embeddings "HTTP/1.1 200 OK"
2026-09-17 21:37:31,689 | INFO     | httpx | HTTP Request: POST https://api.mistral.ai/v1/embeddings "HTTP/1.1 200 OK"
2026-09-17 21:37:41,746 | INFO     | httpx | HTTP Request: POST https://api.mistral.ai/v1/chat/completions "HTTP/1.1 200 OK"
2026-09-17 21:37:46,739 | INFO     | httpx | HTTP Request: POST https://api.mistral.ai/v1/chat/completions "HTTP/1.1 200 OK"
2026-09-17 21:37:49,526 | INFO     | httpx | HTTP Request: POST https://api.mistral.ai/v1/chat/completions "HTTP/1.1 200 OK"
2026-09-17 21:37:53,704 | INFO     | httpx | HTTP Request: POST https://api.mistral.ai/v1/embeddings "HTTP/1.1 200 OK"
2026-09-17 21:38:28,110 | INFO     | httpx | HTTP Request: POST https://api.mistral.ai/v1/embeddings "HTTP/1.1 200 OK"
2026-09-17 21:38:29,351 | INFO     | httpx | HTTP Request: POST https://api.mistral.ai/v1/chat/completions "HTTP/1.1 200 OK"
2026-09-17 21:38:36,921 | INFO     | httpx | HTTP Request: POST https://api.mistral.ai/v1/chat/completions "HTTP/1.1 200 OK"
2026-09-17 21:38:47,980 | INFO     | httpx | HTTP Request: POST https://api.mistral.ai/v1/chat/completions "HTTP/1.1 200 OK"
2026-09-17 21:38:50,541 | INFO     | httpx | HTTP Request: POST https://api.mistral.ai/v1/chat/completions "HTTP/1.1 200 OK"
2026-09-17 21:38:54,939 | INFO     | httpx | HTTP Request: POST https://api.mistral.ai/v1/chat/completions "HTTP/1.1 200 OK"
2026-09-17 21:39:01,084 | INFO     | httpx | HTTP Request: POST https://api.mistral.ai/v1/chat/completions "HTTP/1.1 200 OK"
2026-09-17 21:39:16,755 | INFO     | httpx | HTTP Request: POST https://api.mistral.ai/v1/chat/completions "HTTP/1.1 200 OK"
2026-09-17 21:39:21,359 | INFO     | httpx | HTTP Request: POST https://api.mistral.ai/v1/chat/completions "HTTP/1.1 200 OK"
2026-09-17 21:39:23,983 | INFO     | httpx | HTTP Request: POST https://api.mistral.ai/v1/chat/completions "HTTP/1.1 200 OK"
2026-09-17 21:39:26,377 | INFO     | httpx | HTTP Request: POST https://api.mistral.ai/v1/chat/completions "HTTP/1.1 200 OK"
2026-09-17 21:39:30,554 | INFO     | httpx | HTTP Request: POST https://api.mistral.ai/v1/embeddings "HTTP/1.1 200 OK"
2026-09-17 21:39:34,978 | INFO     | httpx | HTTP Request: POST https://api.mistral.ai/v1/embeddings "HTTP/1.1 200 OK"
2026-09-17 21:39:48,294 | INFO     | httpx | HTTP Request: POST https://api.mistral.ai/v1/chat/completions "HTTP/1.1 200 OK"
2026-09-17 21:40:31,403 | INFO     | httpx | HTTP Request: POST https://api.mistral.ai/v1/chat/completions "HTTP/1.1 200 OK"
2026-09-17 21:40:37,646 | INFO     | httpx | HTTP Request: POST https://api.mistral.ai/v1/chat/completions "HTTP/1.1 200 OK"
2026-09-17 21:40:59,359 | INFO     | httpx | HTTP Request: POST https://api.mistral.ai/v1/chat/completions "HTTP/1.1 200 OK"
2026-09-17 21:41:04,173 | INFO     | phoenix_rag.evaluator | Evaluation scores: {'faithfulness': 0.9050717744465968, 'context_recall': 1.0, 'context_precision': 0.9261904761604167, 'response_relevancy': 0.9546430872009961}
2026-09-17 21:41:19,938 | INFO     | httpx | HTTP Request: POST https://api.mistral.ai/v1/chat/completions "HTTP/1.1 200 OK"
2026-09-17 21:41:19,944 | WARNING  | phoenix_rag.llm_optimizer | LLM optimizer response unparseable, keeping current configuration.
2026-09-17 21:41:19,946 | INFO     | phoenix_rag.runner | === Iteration 5/5 ===
2026-09-17 21:41:19,947 | INFO     | phoenix_rag.rag_pipeline | Answering question 1/9
2026-09-17 21:41:26,010 | INFO     | httpx | HTTP Request: POST https://api.mistral.ai/v1/embeddings "HTTP/1.1 200 OK"
2026-09-17 21:41:48,423 | INFO     | httpx | HTTP Request: POST https://api.mistral.ai/v1/chat/completions "HTTP/1.1 200 OK"
2026-09-17 21:41:48,505 | INFO     | phoenix_rag.rag_pipeline | Answering question 2/9
2026-09-17 21:41:49,744 | INFO     | httpx | HTTP Request: POST https://api.mistral.ai/v1/embeddings "HTTP/1.1 200 OK"
2026-09-17 21:42:12,778 | INFO     | httpx | HTTP Request: POST https://api.mistral.ai/v1/chat/completions "HTTP/1.1 200 OK"
2026-09-17 21:42:22,421 | INFO     | phoenix_rag.rag_pipeline | Answering question 3/9
2026-09-17 21:42:25,887 | INFO     | httpx | HTTP Request: POST https://api.mistral.ai/v1/embeddings "HTTP/1.1 200 OK"
2026-09-17 21:42:42,274 | INFO     | httpx | HTTP Request: POST https://api.mistral.ai/v1/chat/completions "HTTP/1.1 200 OK"
2026-09-17 21:42:42,278 | INFO     | phoenix_rag.rag_pipeline | Answering question 4/9
2026-09-17 21:42:43,703 | INFO     | httpx | HTTP Request: POST https://api.mistral.ai/v1/embeddings "HTTP/1.1 200 OK"
2026-09-17 21:43:19,090 | INFO     | httpx | HTTP Request: POST https://api.mistral.ai/v1/chat/completions "HTTP/1.1 200 OK"
2026-09-17 21:43:19,094 | INFO     | phoenix_rag.rag_pipeline | Answering question 5/9
2026-09-17 21:43:24,671 | INFO     | httpx | HTTP Request: POST https://api.mistral.ai/v1/embeddings "HTTP/1.1 200 OK"
2026-09-17 21:43:34,950 | INFO     | httpx | HTTP Request: POST https://api.mistral.ai/v1/chat/completions "HTTP/1.1 200 OK"
2026-09-17 21:43:35,010 | INFO     | phoenix_rag.rag_pipeline | Answering question 6/9
2026-09-17 21:43:38,014 | INFO     | httpx | HTTP Request: POST https://api.mistral.ai/v1/embeddings "HTTP/1.1 200 OK"
2026-09-17 21:43:47,091 | INFO     | httpx | HTTP Request: POST https://api.mistral.ai/v1/chat/completions "HTTP/1.1 200 OK"
2026-09-17 21:43:47,095 | INFO     | phoenix_rag.rag_pipeline | Answering question 7/9
2026-09-17 21:43:54,020 | INFO     | httpx | HTTP Request: POST https://api.mistral.ai/v1/embeddings "HTTP/1.1 200 OK"
2026-09-17 21:48:02,478 | INFO     | httpx | HTTP Request: POST https://api.mistral.ai/v1/chat/completions "HTTP/1.1 200 OK"
2026-09-17 21:48:02,484 | INFO     | phoenix_rag.rag_pipeline | Answering question 8/9
2026-09-17 21:48:03,855 | INFO     | httpx | HTTP Request: POST https://api.mistral.ai/v1/embeddings "HTTP/1.1 200 OK"
2026-09-17 21:48:24,194 | INFO     | httpx | HTTP Request: POST https://api.mistral.ai/v1/chat/completions "HTTP/1.1 200 OK"
2026-09-17 21:48:24,198 | INFO     | phoenix_rag.rag_pipeline | Answering question 9/9
2026-09-17 21:48:30,128 | INFO     | httpx | HTTP Request: POST https://api.mistral.ai/v1/embeddings "HTTP/1.1 200 OK"
2026-09-17 21:48:42,604 | INFO     | httpx | HTTP Request: POST https://api.mistral.ai/v1/chat/completions "HTTP/1.1 200 OK"
2026-09-17 21:48:42,642 | INFO     | phoenix_rag.evaluator | Running Ragas evaluation over 9 samples (max_workers=3)
2026-09-17 21:48:49,355 | INFO     | httpx | HTTP Request: POST https://api.mistral.ai/v1/chat/completions "HTTP/1.1 200 OK"
2026-09-17 21:48:53,332 | INFO     | httpx | HTTP Request: POST https://api.mistral.ai/v1/chat/completions "HTTP/1.1 200 OK"
2026-09-17 21:49:05,660 | INFO     | httpx | HTTP Request: POST https://api.mistral.ai/v1/chat/completions "HTTP/1.1 200 OK"
2026-09-17 21:49:05,664 | INFO     | httpx | HTTP Request: POST https://api.mistral.ai/v1/chat/completions "HTTP/1.1 200 OK"
2026-09-17 21:49:15,796 | INFO     | httpx | HTTP Request: POST https://api.mistral.ai/v1/chat/completions "HTTP/1.1 200 OK"
2026-09-17 21:49:18,971 | INFO     | httpx | HTTP Request: POST https://api.mistral.ai/v1/embeddings "HTTP/1.1 200 OK"
2026-09-17 21:49:25,421 | INFO     | httpx | HTTP Request: POST https://api.mistral.ai/v1/embeddings "HTTP/1.1 200 OK"
2026-09-17 21:49:29,006 | INFO     | httpx | HTTP Request: POST https://api.mistral.ai/v1/chat/completions "HTTP/1.1 200 OK"
2026-09-17 21:49:36,379 | INFO     | httpx | HTTP Request: POST https://api.mistral.ai/v1/chat/completions "HTTP/1.1 200 OK"
2026-09-17 21:49:40,799 | INFO     | httpx | HTTP Request: POST https://api.mistral.ai/v1/chat/completions "HTTP/1.1 200 OK"
2026-09-17 21:50:05,298 | INFO     | httpx | HTTP Request: POST https://api.mistral.ai/v1/chat/completions "HTTP/1.1 200 OK"
2026-09-17 21:50:10,378 | INFO     | httpx | HTTP Request: POST https://api.mistral.ai/v1/chat/completions "HTTP/1.1 200 OK"
2026-09-17 21:50:14,984 | INFO     | httpx | HTTP Request: POST https://api.mistral.ai/v1/chat/completions "HTTP/1.1 200 OK"
2026-09-17 21:50:50,116 | INFO     | httpx | HTTP Request: POST https://api.mistral.ai/v1/embeddings "HTTP/1.1 200 OK"
2026-09-17 21:51:10,792 | INFO     | httpx | HTTP Request: POST https://api.mistral.ai/v1/embeddings "HTTP/1.1 200 OK"
2026-09-17 21:51:12,337 | INFO     | httpx | HTTP Request: POST https://api.mistral.ai/v1/chat/completions "HTTP/1.1 200 OK"
2026-09-17 21:51:28,111 | WARNING  | langchain_core.language_models.llms | Retrying langchain_mistralai.chat_models.acompletion_with_retry.<locals>._completion_with_retry in 4 seconds as it raised ReadTimeout: .
2026-09-17 21:51:43,259 | INFO     | httpx | HTTP Request: POST https://api.mistral.ai/v1/chat/completions "HTTP/1.1 200 OK"
2026-09-17 21:51:54,212 | INFO     | httpx | HTTP Request: POST https://api.mistral.ai/v1/chat/completions "HTTP/1.1 200 OK"
2026-09-17 21:52:09,680 | INFO     | httpx | HTTP Request: POST https://api.mistral.ai/v1/chat/completions "HTTP/1.1 200 OK"
2026-09-17 21:52:27,591 | ERROR    | ragas.executor | Exception raised in Job[4]: TimeoutError()
2026-09-17 21:52:51,453 | INFO     | httpx | HTTP Request: POST https://api.mistral.ai/v1/chat/completions "HTTP/1.1 200 OK"
2026-09-17 21:53:04,566 | INFO     | httpx | HTTP Request: POST https://api.mistral.ai/v1/chat/completions "HTTP/1.1 200 OK"
2026-09-17 21:53:10,379 | ERROR    | ragas.executor | Exception raised in Job[6]: TimeoutError()
2026-09-17 21:53:12,135 | INFO     | httpx | HTTP Request: POST https://api.mistral.ai/v1/chat/completions "HTTP/1.1 200 OK"
2026-09-17 21:53:14,701 | INFO     | httpx | HTTP Request: POST https://api.mistral.ai/v1/chat/completions "HTTP/1.1 200 OK"
2026-09-17 21:53:21,863 | INFO     | httpx | HTTP Request: POST https://api.mistral.ai/v1/embeddings "HTTP/1.1 200 OK"
2026-09-17 21:53:39,792 | INFO     | httpx | HTTP Request: POST https://api.mistral.ai/v1/embeddings "HTTP/1.1 200 OK"
2026-09-17 21:53:49,723 | INFO     | httpx | HTTP Request: POST https://api.mistral.ai/v1/chat/completions "HTTP/1.1 200 OK"
2026-09-17 21:53:57,912 | INFO     | httpx | HTTP Request: POST https://api.mistral.ai/v1/chat/completions "HTTP/1.1 200 OK"
2026-09-17 21:54:10,204 | INFO     | httpx | HTTP Request: POST https://api.mistral.ai/v1/chat/completions "HTTP/1.1 200 OK"
2026-09-17 21:54:10,206 | INFO     | httpx | HTTP Request: POST https://api.mistral.ai/v1/chat/completions "HTTP/1.1 200 OK"
2026-09-17 21:54:18,081 | INFO     | httpx | HTTP Request: POST https://api.mistral.ai/v1/chat/completions "HTTP/1.1 200 OK"
2026-09-17 21:54:25,162 | INFO     | httpx | HTTP Request: POST https://api.mistral.ai/v1/chat/completions "HTTP/1.1 200 OK"
2026-09-17 21:54:27,405 | INFO     | httpx | HTTP Request: POST https://api.mistral.ai/v1/chat/completions "HTTP/1.1 200 OK"
2026-09-17 21:54:27,409 | INFO     | httpx | HTTP Request: POST https://api.mistral.ai/v1/chat/completions "HTTP/1.1 200 OK"
2026-09-17 21:54:36,522 | INFO     | httpx | HTTP Request: POST https://api.mistral.ai/v1/chat/completions "HTTP/1.1 200 OK"
2026-09-17 21:54:41,121 | INFO     | httpx | HTTP Request: POST https://api.mistral.ai/v1/chat/completions "HTTP/1.1 200 OK"
2026-09-17 21:54:42,475 | INFO     | httpx | HTTP Request: POST https://api.mistral.ai/v1/chat/completions "HTTP/1.1 200 OK"
2026-09-17 21:54:49,212 | INFO     | httpx | HTTP Request: POST https://api.mistral.ai/v1/embeddings "HTTP/1.1 200 OK"
2026-09-17 21:55:09,311 | INFO     | httpx | HTTP Request: POST https://api.mistral.ai/v1/embeddings "HTTP/1.1 200 OK"
2026-09-17 21:55:18,197 | INFO     | httpx | HTTP Request: POST https://api.mistral.ai/v1/chat/completions "HTTP/1.1 200 OK"
2026-09-17 21:55:20,961 | INFO     | httpx | HTTP Request: POST https://api.mistral.ai/v1/chat/completions "HTTP/1.1 200 OK"
2026-09-17 21:55:24,136 | INFO     | httpx | HTTP Request: POST https://api.mistral.ai/v1/chat/completions "HTTP/1.1 200 OK"
2026-09-17 21:55:29,865 | INFO     | httpx | HTTP Request: POST https://api.mistral.ai/v1/chat/completions "HTTP/1.1 200 OK"
2026-09-17 21:55:32,941 | INFO     | httpx | HTTP Request: POST https://api.mistral.ai/v1/chat/completions "HTTP/1.1 200 OK"
2026-09-17 21:55:38,269 | INFO     | httpx | HTTP Request: POST https://api.mistral.ai/v1/chat/completions "HTTP/1.1 200 OK"
2026-09-17 21:55:40,927 | INFO     | httpx | HTTP Request: POST https://api.mistral.ai/v1/chat/completions "HTTP/1.1 200 OK"
2026-09-17 21:55:44,611 | INFO     | httpx | HTTP Request: POST https://api.mistral.ai/v1/embeddings "HTTP/1.1 200 OK"
2026-09-17 21:56:10,621 | INFO     | httpx | HTTP Request: POST https://api.mistral.ai/v1/embeddings "HTTP/1.1 200 OK"
2026-09-17 21:56:26,514 | INFO     | httpx | HTTP Request: POST https://api.mistral.ai/v1/chat/completions "HTTP/1.1 200 OK"
2026-09-17 21:56:36,125 | INFO     | httpx | HTTP Request: POST https://api.mistral.ai/v1/chat/completions "HTTP/1.1 200 OK"
2026-09-17 21:56:45,441 | INFO     | httpx | HTTP Request: POST https://api.mistral.ai/v1/chat/completions "HTTP/1.1 200 OK"
2026-09-17 21:56:50,352 | INFO     | httpx | HTTP Request: POST https://api.mistral.ai/v1/chat/completions "HTTP/1.1 200 OK"
2026-09-17 21:56:57,849 | INFO     | httpx | HTTP Request: POST https://api.mistral.ai/v1/chat/completions "HTTP/1.1 200 OK"
2026-09-17 21:57:12,772 | INFO     | httpx | HTTP Request: POST https://api.mistral.ai/v1/chat/completions "HTTP/1.1 200 OK"
2026-09-17 21:57:18,839 | INFO     | httpx | HTTP Request: POST https://api.mistral.ai/v1/embeddings "HTTP/1.1 200 OK"
2026-09-17 21:57:28,241 | INFO     | httpx | HTTP Request: POST https://api.mistral.ai/v1/embeddings "HTTP/1.1 200 OK"
2026-09-17 21:57:30,073 | INFO     | httpx | HTTP Request: POST https://api.mistral.ai/v1/chat/completions "HTTP/1.1 200 OK"
2026-09-17 21:57:36,644 | INFO     | httpx | HTTP Request: POST https://api.mistral.ai/v1/chat/completions "HTTP/1.1 200 OK"
2026-09-17 21:57:39,130 | INFO     | httpx | HTTP Request: POST https://api.mistral.ai/v1/chat/completions "HTTP/1.1 200 OK"
2026-09-17 21:57:58,448 | INFO     | httpx | HTTP Request: POST https://api.mistral.ai/v1/chat/completions "HTTP/1.1 200 OK"
2026-09-17 21:58:02,941 | INFO     | httpx | HTTP Request: POST https://api.mistral.ai/v1/chat/completions "HTTP/1.1 200 OK"
2026-09-17 21:58:16,580 | INFO     | httpx | HTTP Request: POST https://api.mistral.ai/v1/chat/completions "HTTP/1.1 200 OK"
2026-09-17 21:58:22,956 | INFO     | httpx | HTTP Request: POST https://api.mistral.ai/v1/chat/completions "HTTP/1.1 200 OK"
2026-09-17 21:58:26,521 | WARNING  | langchain_core.language_models.llms | Retrying langchain_mistralai.chat_models.acompletion_with_retry.<locals>._completion_with_retry in 4 seconds as it raised ReadTimeout: .
2026-09-17 21:58:27,206 | ERROR    | ragas.executor | Exception raised in Job[18]: TimeoutError()
2026-09-17 21:58:27,734 | INFO     | httpx | HTTP Request: POST https://api.mistral.ai/v1/chat/completions "HTTP/1.1 200 OK"
2026-09-17 21:58:33,304 | INFO     | httpx | HTTP Request: POST https://api.mistral.ai/v1/chat/completions "HTTP/1.1 200 OK"
2026-09-17 21:58:47,150 | INFO     | httpx | HTTP Request: POST https://api.mistral.ai/v1/embeddings "HTTP/1.1 200 OK"
2026-09-17 22:00:02,662 | INFO     | httpx | HTTP Request: POST https://api.mistral.ai/v1/embeddings "HTTP/1.1 200 OK"
2026-09-17 22:00:04,012 | ERROR    | ragas.executor | Exception raised in Job[22]: TimeoutError()
2026-09-17 22:00:06,996 | INFO     | httpx | HTTP Request: POST https://api.mistral.ai/v1/chat/completions "HTTP/1.1 200 OK"
2026-09-17 22:00:17,211 | INFO     | httpx | HTTP Request: POST https://api.mistral.ai/v1/chat/completions "HTTP/1.1 200 OK"
2026-09-17 22:00:20,410 | INFO     | httpx | HTTP Request: POST https://api.mistral.ai/v1/chat/completions "HTTP/1.1 200 OK"
2026-09-17 22:00:23,558 | INFO     | httpx | HTTP Request: POST https://api.mistral.ai/v1/chat/completions "HTTP/1.1 200 OK"
2026-09-17 22:00:28,089 | INFO     | httpx | HTTP Request: POST https://api.mistral.ai/v1/chat/completions "HTTP/1.1 200 OK"
2026-09-17 22:00:31,445 | INFO     | httpx | HTTP Request: POST https://api.mistral.ai/v1/chat/completions "HTTP/1.1 200 OK"
2026-09-17 22:00:40,551 | INFO     | httpx | HTTP Request: POST https://api.mistral.ai/v1/chat/completions "HTTP/1.1 200 OK"
2026-09-17 22:00:46,309 | INFO     | httpx | HTTP Request: POST https://api.mistral.ai/v1/embeddings "HTTP/1.1 200 OK"
2026-09-17 22:01:00,185 | INFO     | httpx | HTTP Request: POST https://api.mistral.ai/v1/embeddings "HTTP/1.1 200 OK"
2026-09-17 22:01:01,647 | INFO     | httpx | HTTP Request: POST https://api.mistral.ai/v1/chat/completions "HTTP/1.1 200 OK"
2026-09-17 22:01:12,497 | INFO     | httpx | HTTP Request: POST https://api.mistral.ai/v1/chat/completions "HTTP/1.1 200 OK"
2026-09-17 22:01:15,279 | INFO     | httpx | HTTP Request: POST https://api.mistral.ai/v1/chat/completions "HTTP/1.1 200 OK"
2026-09-17 22:01:19,779 | INFO     | httpx | HTTP Request: POST https://api.mistral.ai/v1/chat/completions "HTTP/1.1 200 OK"
2026-09-17 22:01:35,438 | INFO     | httpx | HTTP Request: POST https://api.mistral.ai/v1/chat/completions "HTTP/1.1 200 OK"
2026-09-17 22:01:44,788 | INFO     | httpx | HTTP Request: POST https://api.mistral.ai/v1/chat/completions "HTTP/1.1 200 OK"
2026-09-17 22:01:50,699 | INFO     | httpx | HTTP Request: POST https://api.mistral.ai/v1/chat/completions "HTTP/1.1 200 OK"
2026-09-17 22:02:01,140 | INFO     | httpx | HTTP Request: POST https://api.mistral.ai/v1/chat/completions "HTTP/1.1 200 OK"
2026-09-17 22:02:05,854 | INFO     | httpx | HTTP Request: POST https://api.mistral.ai/v1/embeddings "HTTP/1.1 200 OK"
2026-09-17 22:02:32,581 | INFO     | httpx | HTTP Request: POST https://api.mistral.ai/v1/embeddings "HTTP/1.1 200 OK"
2026-09-17 22:03:20,443 | ERROR    | ragas.executor | Exception raised in Job[30]: TimeoutError()
2026-09-17 22:03:53,557 | WARNING  | langchain_core.language_models.llms | Retrying langchain_mistralai.chat_models.acompletion_with_retry.<locals>._completion_with_retry in 4 seconds as it raised ReadTimeout: .
2026-09-17 22:04:01,562 | INFO     | httpx | HTTP Request: POST https://api.mistral.ai/v1/chat/completions "HTTP/1.1 200 OK"
2026-09-17 22:04:09,038 | INFO     | httpx | HTTP Request: POST https://api.mistral.ai/v1/chat/completions "HTTP/1.1 200 OK"
2026-09-17 22:04:13,976 | INFO     | httpx | HTTP Request: POST https://api.mistral.ai/v1/chat/completions "HTTP/1.1 200 OK"
2026-09-17 22:04:38,116 | ERROR    | ragas.executor | Exception raised in Job[34]: TimeoutError()
2026-09-17 22:04:39,457 | INFO     | phoenix_rag.evaluator | Evaluation scores: {'faithfulness': 0.9319928025191183, 'context_recall': 1.0, 'context_precision': 0.808333333306354, 'response_relevancy': 0.9643591025330353}
2026-09-17 22:09:39,699 | WARNING  | phoenix_rag.providers.mistral | Mistral call failed (attempt 1/5): The read operation timed out. Retrying in 2.0s
2026-09-17 22:10:54,958 | INFO     | httpx | HTTP Request: POST https://api.mistral.ai/v1/chat/completions "HTTP/1.1 200 OK"
2026-09-17 22:10:54,962 | WARNING  | phoenix_rag.llm_optimizer | LLM optimizer response unparseable, keeping current configuration.
2026-09-17 22:10:54,964 | INFO     | phoenix_rag.runner | Experiment complete. Best weighted score: 0.9388
2026-09-17 22:10:54,970 | INFO     | phoenix_rag.cli | ============================================================
2026-09-17 22:10:54,971 | INFO     | phoenix_rag.cli | BEST CONFIGURATION FOUND (iteration 1)
2026-09-17 22:10:54,971 | INFO     | phoenix_rag.cli | Scores: {'faithfulness': 0.9518304388918425, 'context_recall': 0.9444444444444444, 'context_precision': 0.8734567900955761, 'response_relevancy': 0.972429029499718}
2026-09-17 22:10:54,972 | INFO     | phoenix_rag.cli | Config: {'chunk_size': 1200, 'chunk_overlap': 180, 'top_k': 4, 'similarity_threshold': 0.0, 'retriever_type': 'similarity', 'prompt_template': "You are a helpful assistant answering questions using ONLY the provided context. If the answer is not contained in the context, say you don't know.\n\nContext:\n{context}\n\nQuestion: {question}\n\nAnswer:"}
2026-09-17 22:10:54,972 | INFO     | phoenix_rag.cli | Full results saved under /home/yared/workspace/phoenix-rag-experiments/results
